Dossier,Date,Commit,Article,LignesModifiées
"code_de_l'éducation",2021-02-28,"Version consolidée au 28 février 2021","code_de_l'éducation.md",189
"code_de_l'éducation",2021-02-20,"Version consolidée au 20 février 2021","code_de_l'éducation.md",2
"code_de_l'éducation",2021-02-13,"Version consolidée au 13 février 2021","code_de_l'éducation.md",8
"code_de_l'éducation",2021-02-03,"Version consolidée au 3 février 2021","code_de_l'éducation.md",46
"code_de_l'éducation",2021-01-31,"Version consolidée au 31 janvier 2021","code_de_l'éducation.md",26
"code_de_l'éducation",2021-01-28,"Version consolidée au 28 janvier 2021","code_de_l'éducation.md",39
"code_de_l'éducation",2021-01-01,"Version consolidée au 1er janvier 2021","code_de_l'éducation.md",700
"code_de_l'éducation",2020-12-31,"Version consolidée au 31 décembre 2020","code_de_l'éducation.md",18
"code_de_l'éducation",2020-12-27,"Version consolidée au 27 décembre 2020","code_de_l'éducation.md",806
"code_de_l'éducation",2020-12-24,"Version consolidée au 24 décembre 2020","code_de_l'éducation.md",78
"code_de_l'éducation",2020-12-20,"Version consolidée au 20 décembre 2020","code_de_l'éducation.md",28
"code_de_l'éducation",2020-12-09,"Version consolidée au 9 décembre 2020","code_de_l'éducation.md",16
"code_de_l'éducation",2020-12-07,"Version consolidée au 7 décembre 2020","code_de_l'éducation.md",12
"code_de_l'éducation",2020-12-06,"Version consolidée au 6 décembre 2020","code_de_l'éducation.md",6
"code_de_l'éducation",2020-12-04,"Version consolidée au 4 décembre 2020","code_de_l'éducation.md",8
"code_de_l'éducation",2020-12-02,"Version consolidée au 2 décembre 2020","code_de_l'éducation.md",20
"code_de_l'éducation",2020-11-30,"Version consolidée au 30 novembre 2020","code_de_l'éducation.md",12
"code_de_l'éducation",2020-11-07,"Version consolidée au 7 novembre 2020","code_de_l'éducation.md",124
"code_de_l'éducation",2020-11-06,"Version consolidée au 6 novembre 2020","code_de_l'éducation.md",56
"code_de_l'éducation",2020-11-01,"Version consolidée au 1er novembre 2020","code_de_l'éducation.md",10
"code_de_l'éducation",2020-10-23,"Version consolidée au 23 octobre 2020","code_de_l'éducation.md",104
"code_de_l'éducation",2020-10-22,"Version consolidée au 22 octobre 2020","code_de_l'éducation.md",114
"code_de_l'éducation",2020-10-19,"Version consolidée au 19 octobre 2020","code_de_l'éducation.md",4
"code_de_l'éducation",2020-10-16,"Version consolidée au 16 octobre 2020","code_de_l'éducation.md",4
"code_de_l'éducation",2020-10-02,"Version consolidée au 2 octobre 2020","code_de_l'éducation.md",430
"code_de_l'éducation",2020-09-28,"Version consolidée au 28 septembre 2020","code_de_l'éducation.md",4
"code_de_l'éducation",2020-09-26,"Version consolidée au 26 septembre 2020","code_de_l'éducation.md",18
"code_de_l'éducation",2020-09-25,"Version consolidée au 25 septembre 2020","code_de_l'éducation.md",144
"code_de_l'éducation",2020-09-24,"Version consolidée au 24 septembre 2020","code_de_l'éducation.md",32
"code_de_l'éducation",2020-09-14,"Version consolidée au 14 septembre 2020","code_de_l'éducation.md",11
"code_de_l'éducation",2020-09-01,"Version consolidée au 1er septembre 2020","code_de_l'éducation.md",208
"code_de_l'éducation",2020-08-16,"Version consolidée au 16 août 2020","code_de_l'éducation.md",34
"code_de_l'éducation",2020-08-08,"Version consolidée au 8 août 2020","code_de_l'éducation.md",16
"code_de_l'éducation",2020-08-07,"Version consolidée au 7 août 2020","code_de_l'éducation.md",68
"code_de_l'éducation",2020-08-03,"Version consolidée au 3 août 2020","code_de_l'éducation.md",118
"code_de_l'éducation",2020-08-02,"Version consolidée au 2 août 2020","code_de_l'éducation.md",84
"code_de_l'éducation",2020-08-01,"Version consolidée au 1er août 2020","code_de_l'éducation.md",8
"code_de_l'éducation",2020-07-31,"Version consolidée au 31 juillet 2020","code_de_l'éducation.md",184
"code_de_l'éducation",2020-07-05,"Version consolidée au 5 juillet 2020","code_de_l'éducation.md",6
"code_de_l'éducation",2020-07-03,"Version consolidée au 3 juillet 2020","code_de_l'éducation.md",120
"code_de_l'éducation",2020-07-01,"Version consolidée au 1er juillet 2020","code_de_l'éducation.md",14
"code_de_l'éducation",2020-06-28,"Version consolidée au 28 juin 2020","code_de_l'éducation.md",612
"code_de_l'éducation",2020-06-26,"Version consolidée au 26 juin 2020","code_de_l'éducation.md",16
"code_de_l'éducation",2020-06-23,"Version consolidée au 23 juin 2020","code_de_l'éducation.md",2
"code_de_l'éducation",2020-06-19,"Version consolidée au 19 juin 2020","code_de_l'éducation.md",18
"code_de_l'éducation",2020-06-18,"Version consolidée au 18 juin 2020","code_de_l'éducation.md",22
"code_de_l'éducation",2020-06-17,"Version consolidée au 17 juin 2020","code_de_l'éducation.md",328
"code_de_l'éducation",2020-05-25,"Version consolidée au 25 mai 2020","code_de_l'éducation.md",36
"code_de_l'éducation",2020-05-18,"Version consolidée au 18 mai 2020","code_de_l'éducation.md",244
"code_de_l'éducation",2020-04-06,"Version consolidée au 6 avril 2020","code_de_l'éducation.md",6
"code_de_l'éducation",2020-04-01,"Version consolidée au 1er avril 2020","code_de_l'éducation.md",2
"code_de_l'éducation",2020-03-20,"Version consolidée au 20 mars 2020","code_de_l'éducation.md",270
"code_de_l'éducation",2020-03-01,"Version consolidée au 1er mars 2020","code_de_l'éducation.md",175
"code_de_l'éducation",2020-02-12,"Version consolidée au 12 février 2020","code_de_l'éducation.md",10
"code_de_l'éducation",2020-01-30,"Version consolidée au 30 janvier 2020","code_de_l'éducation.md",22
"code_de_l'éducation",2020-01-01,"Version consolidée au 1er janvier 2020","code_de_l'éducation.md",1976
"code_de_l'éducation",2019-12-31,"Version consolidée au 31 décembre 2019","code_de_l'éducation.md",4
"code_de_l'éducation",2019-12-29,"Version consolidée au 29 décembre 2019","code_de_l'éducation.md",4
"code_de_l'éducation",2019-12-28,"Version consolidée au 28 décembre 2019","code_de_l'éducation.md",8
"code_de_l'éducation",2019-12-27,"Version consolidée au 27 décembre 2019","code_de_l'éducation.md",12
"code_de_l'éducation",2019-12-21,"Version consolidée au 21 décembre 2019","code_de_l'éducation.md",162
"code_de_l'éducation",2019-12-20,"Version consolidée au 20 décembre 2019","code_de_l'éducation.md",4
"code_de_l'éducation",2019-12-13,"Version consolidée au 13 décembre 2019","code_de_l'éducation.md",10
"code_de_l'éducation",2019-12-12,"Version consolidée au 12 décembre 2019","code_de_l'éducation.md",142
"code_de_l'éducation",2019-11-29,"Version consolidée au 29 novembre 2019","code_de_l'éducation.md",32
"code_de_l'éducation",2019-11-22,"Version consolidée au 22 novembre 2019","code_de_l'éducation.md",8
"code_de_l'éducation",2019-11-21,"Version consolidée au 21 novembre 2019","code_de_l'éducation.md",18
"code_de_l'éducation",2019-11-09,"Version consolidée au 9 novembre 2019","code_de_l'éducation.md",22
"code_de_l'éducation",2019-11-07,"Version consolidée au 7 novembre 2019","code_de_l'éducation.md",6
"code_de_l'éducation",2019-11-06,"Version consolidée au 6 novembre 2019","code_de_l'éducation.md",316
"code_de_l'éducation",2019-11-04,"Version consolidée au 4 novembre 2019","code_de_l'éducation.md",76
"code_de_l'éducation",2019-11-01,"Version consolidée au 1er novembre 2019","code_de_l'éducation.md",14
"code_de_l'éducation",2019-10-28,"Version consolidée au 28 octobre 2019","code_de_l'éducation.md",150
"code_de_l'éducation",2019-10-24,"Version consolidée au 24 octobre 2019","code_de_l'éducation.md",6
"code_de_l'éducation",2019-10-19,"Version consolidée au 19 octobre 2019","code_de_l'éducation.md",39
"code_de_l'éducation",2019-10-07,"Version consolidée au 7 octobre 2019","code_de_l'éducation.md",192
"code_de_l'éducation",2019-10-02,"Version consolidée au 2 octobre 2019","code_de_l'éducation.md",58
"code_de_l'éducation",2019-09-19,"Version consolidée au 19 septembre 2019","code_de_l'éducation.md",22
"code_de_l'éducation",2019-09-11,"Version consolidée au 11 septembre 2019","code_de_l'éducation.md",16
"code_de_l'éducation",2019-09-07,"Version consolidée au 7 septembre 2019","code_de_l'éducation.md",6
"code_de_l'éducation",2019-09-02,"Version consolidée au 2 septembre 2019","code_de_l'éducation.md",1039
"code_de_l'éducation",2019-09-01,"Version consolidée au 1er septembre 2019","code_de_l'éducation.md",401
"code_de_l'éducation",2019-08-26,"Version consolidée au 26 août 2019","code_de_l'éducation.md",77
"code_de_l'éducation",2019-08-23,"Version consolidée au 23 août 2019","code_de_l'éducation.md",12
"code_de_l'éducation",2019-08-21,"Version consolidée au 21 août 2019","code_de_l'éducation.md",14
"code_de_l'éducation",2019-08-14,"Version consolidée au 14 août 2019","code_de_l'éducation.md",2
"code_de_l'éducation",2019-08-08,"Version consolidée au 8 août 2019","code_de_l'éducation.md",81
"code_de_l'éducation",2019-08-05,"Version consolidée au 5 août 2019","code_de_l'éducation.md",8
"code_de_l'éducation",2019-08-01,"Version consolidée au 1er août 2019","code_de_l'éducation.md",20
"code_de_l'éducation",2019-07-29,"Version consolidée au 29 juillet 2019","code_de_l'éducation.md",130
"code_de_l'éducation",2019-07-27,"Version consolidée au 27 juillet 2019","code_de_l'éducation.md",96
"code_de_l'éducation",2019-07-22,"Version consolidée au 22 juillet 2019","code_de_l'éducation.md",62
"code_de_l'éducation",2019-07-01,"Version consolidée au 1er juillet 2019","code_de_l'éducation.md",38
"code_de_l'éducation",2019-06-27,"Version consolidée au 27 juin 2019","code_de_l'éducation.md",16
"code_de_l'éducation",2019-06-03,"Version consolidée au 3 juin 2019","code_de_l'éducation.md",204
"code_de_l'éducation",2019-06-01,"Version consolidée au 1er juin 2019","code_de_l'éducation.md",2
"code_de_l'éducation",2019-05-03,"Version consolidée au 3 mai 2019","code_de_l'éducation.md",188
"code_de_l'éducation",2019-04-22,"Version consolidée au 22 avril 2019","code_de_l'éducation.md",66
"code_de_l'éducation",2019-04-15,"Version consolidée au 15 avril 2019","code_de_l'éducation.md",24
"code_de_l'éducation",2019-03-31,"Version consolidée au 31 mars 2019","code_de_l'éducation.md",8
"code_de_l'éducation",2019-03-28,"Version consolidée au 28 mars 2019","code_de_l'éducation.md",385
"code_de_l'éducation",2019-03-24,"Version consolidée au 24 mars 2019","code_de_l'éducation.md",90
"code_de_l'éducation",2019-03-23,"Version consolidée au 23 mars 2019","code_de_l'éducation.md",100
"code_de_l'éducation",2019-03-22,"Version consolidée au 22 mars 2019","code_de_l'éducation.md",6
"code_de_l'éducation",2019-03-21,"Version consolidée au 21 mars 2019","code_de_l'éducation.md",24
"code_de_l'éducation",2019-03-01,"Version consolidée au 1er mars 2019","code_de_l'éducation.md",2
"code_de_l'éducation",2019-02-28,"Version consolidée au 28 février 2019","code_de_l'éducation.md",56
"code_de_l'éducation",2019-02-21,"Version consolidée au 21 février 2019","code_de_l'éducation.md",76
"code_de_l'éducation",2019-02-15,"Version consolidée au 15 février 2019","code_de_l'éducation.md",24
"code_de_l'éducation",2019-02-08,"Version consolidée au 8 février 2019","code_de_l'éducation.md",6
"code_de_l'éducation",2019-02-01,"Version consolidée au 1er février 2019","code_de_l'éducation.md",32
"code_de_l'éducation",2019-01-01,"Version consolidée au 1er janvier 2019","code_de_l'éducation.md",485
"code_de_l'éducation",2018-12-31,"Version consolidée au 31 décembre 2018","code_de_l'éducation.md",16
"code_de_l'éducation",2018-12-27,"Version consolidée au 27 décembre 2018","code_de_l'éducation.md",10
"code_de_l'éducation",2018-12-24,"Version consolidée au 24 décembre 2018","code_de_l'éducation.md",30
"code_de_l'éducation",2018-12-23,"Version consolidée au 23 décembre 2018","code_de_l'éducation.md",882
"code_de_l'éducation",2018-12-22,"Version consolidée au 22 décembre 2018","code_de_l'éducation.md",52
"code_de_l'éducation",2018-12-21,"Version consolidée au 21 décembre 2018","code_de_l'éducation.md",18
"code_de_l'éducation",2018-11-22,"Version consolidée au 22 novembre 2018","code_de_l'éducation.md",4
"code_de_l'éducation",2018-11-02,"Version consolidée au 2 novembre 2018","code_de_l'éducation.md",2
"code_de_l'éducation",2018-10-19,"Version consolidée au 19 octobre 2018","code_de_l'éducation.md",2
"code_de_l'éducation",2018-10-05,"Version consolidée au 5 octobre 2018","code_de_l'éducation.md",6
"code_de_l'éducation",2018-09-16,"Version consolidée au 16 septembre 2018","code_de_l'éducation.md",359
"code_de_l'éducation",2018-09-03,"Version consolidée au 3 septembre 2018","code_de_l'éducation.md",4
"code_de_l'éducation",2018-09-01,"Version consolidée au 1er septembre 2018","code_de_l'éducation.md",60
"code_de_l'éducation",2018-08-31,"Version consolidée au 31 août 2018","code_de_l'éducation.md",20
"code_de_l'éducation",2018-08-24,"Version consolidée au 24 août 2018","code_de_l'éducation.md",10
"code_de_l'éducation",2018-08-12,"Version consolidée au 12 août 2018","code_de_l'éducation.md",8
"code_de_l'éducation",2018-08-09,"Version consolidée au 9 août 2018","code_de_l'éducation.md",20
"code_de_l'éducation",2018-08-06,"Version consolidée au 6 août 2018","code_de_l'éducation.md",54
"code_de_l'éducation",2018-07-20,"Version consolidée au 20 juillet 2018","code_de_l'éducation.md",74
"code_de_l'éducation",2018-07-18,"Version consolidée au 18 juillet 2018","code_de_l'éducation.md",100
"code_de_l'éducation",2018-07-02,"Version consolidée au 2 juillet 2018","code_de_l'éducation.md",96
"code_de_l'éducation",2018-07-01,"Version consolidée au 1er juillet 2018","code_de_l'éducation.md",96
"code_de_l'éducation",2018-06-29,"Version consolidée au 29 juin 2018","code_de_l'éducation.md",16
"code_de_l'éducation",2018-06-18,"Version consolidée au 18 juin 2018","code_de_l'éducation.md",26
"code_de_l'éducation",2018-06-14,"Version consolidée au 14 juin 2018","code_de_l'éducation.md",6
"code_de_l'éducation",2018-05-31,"Version consolidée au 31 mai 2018","code_de_l'éducation.md",230
"code_de_l'éducation",2018-05-25,"Version consolidée au 25 mai 2018","code_de_l'éducation.md",2
"code_de_l'éducation",2018-05-21,"Version consolidée au 21 mai 2018","code_de_l'éducation.md",589
"code_de_l'éducation",2018-05-01,"Version consolidée au 1er mai 2018","code_de_l'éducation.md",32
"code_de_l'éducation",2018-04-16,"Version consolidée au 16 avril 2018","code_de_l'éducation.md",198
"code_de_l'éducation",2018-04-15,"Version consolidée au 15 avril 2018","code_de_l'éducation.md",148
"code_de_l'éducation",2018-04-14,"Version consolidée au 14 avril 2018","code_de_l'éducation.md",12
"code_de_l'éducation",2018-04-12,"Version consolidée au 12 avril 2018","code_de_l'éducation.md",4
"code_de_l'éducation",2018-04-02,"Version consolidée au 2 avril 2018","code_de_l'éducation.md",48
"code_de_l'éducation",2018-04-01,"Version consolidée au 1er avril 2018","code_de_l'éducation.md",6
"code_de_l'éducation",2018-03-11,"Version consolidée au 11 mars 2018","code_de_l'éducation.md",431
"code_de_l'éducation",2018-03-10,"Version consolidée au 10 mars 2018","code_de_l'éducation.md",146
"code_de_l'éducation",2018-03-01,"Version consolidée au 1er mars 2018","code_de_l'éducation.md",2
"code_de_l'éducation",2018-02-24,"Version consolidée au 24 février 2018","code_de_l'éducation.md",2
"code_de_l'éducation",2018-02-22,"Version consolidée au 22 février 2018","code_de_l'éducation.md",234
"code_de_l'éducation",2018-02-18,"Version consolidée au 18 février 2018","code_de_l'éducation.md",86
"code_de_l'éducation",2018-02-17,"Version consolidée au 17 février 2018","code_de_l'éducation.md",2
"code_de_l'éducation",2018-01-01,"Version consolidée au 1er janvier 2018","code_de_l'éducation.md",344
"code_de_l'éducation",2017-12-25,"Version consolidée au 25 décembre 2017","code_de_l'éducation.md",8
"code_de_l'éducation",2017-12-22,"Version consolidée au 22 décembre 2017","code_de_l'éducation.md",6
"code_de_l'éducation",2017-12-16,"Version consolidée au 16 décembre 2017","code_de_l'éducation.md",4
"code_de_l'éducation",2017-12-09,"Version consolidée au 9 décembre 2017","code_de_l'éducation.md",8
"code_de_l'éducation",2017-12-04,"Version consolidée au 4 décembre 2017","code_de_l'éducation.md",12
"code_de_l'éducation",2017-11-09,"Version consolidée au 9 novembre 2017","code_de_l'éducation.md",2
"code_de_l'éducation",2017-10-01,"Version consolidée au 1er octobre 2017","code_de_l'éducation.md",72
"code_de_l'éducation",2017-09-18,"Version consolidée au 18 septembre 2017","code_de_l'éducation.md",40
"code_de_l'éducation",2017-09-04,"Version consolidée au 4 septembre 2017","code_de_l'éducation.md",54
"code_de_l'éducation",2017-09-01,"Version consolidée au 1er septembre 2017","code_de_l'éducation.md",45
"code_de_l'éducation",2017-07-13,"Version consolidée au 13 juillet 2017","code_de_l'éducation.md",2
"code_de_l'éducation",2017-06-29,"Version consolidée au 29 juin 2017","code_de_l'éducation.md",12
"code_de_l'éducation",2017-05-12,"Version consolidée au 12 mai 2017","code_de_l'éducation.md",907
"code_de_l'éducation",2017-05-11,"Version consolidée au 11 mai 2017","code_de_l'éducation.md",16
"code_de_l'éducation",2017-05-08,"Version consolidée au 8 mai 2017","code_de_l'éducation.md",32
"code_de_l'éducation",2017-05-07,"Version consolidée au 7 mai 2017","code_de_l'éducation.md",291
"code_de_l'éducation",2017-05-05,"Version consolidée au 5 mai 2017","code_de_l'éducation.md",188
"code_de_l'éducation",2017-05-01,"Version consolidée au 1er mai 2017","code_de_l'éducation.md",2
"code_de_l'éducation",2017-04-29,"Version consolidée au 29 avril 2017","code_de_l'éducation.md",30
"code_de_l'éducation",2017-04-27,"Version consolidée au 27 avril 2017","code_de_l'éducation.md",48
"code_de_l'éducation",2017-04-26,"Version consolidée au 26 avril 2017","code_de_l'éducation.md",108
"code_de_l'éducation",2017-04-24,"Version consolidée au 24 avril 2017","code_de_l'éducation.md",4
"code_de_l'éducation",2017-04-01,"Version consolidée au 1er avril 2017","code_de_l'éducation.md",76
"code_de_l'éducation",2017-03-31,"Version consolidée au 31 mars 2017","code_de_l'éducation.md",6
"code_de_l'éducation",2017-03-30,"Version consolidée au 30 mars 2017","code_de_l'éducation.md",813
"code_de_l'éducation",2017-03-26,"Version consolidée au 26 mars 2017","code_de_l'éducation.md",8
"code_de_l'éducation",2017-03-03,"Version consolidée au 3 mars 2017","code_de_l'éducation.md",2
"code_de_l'éducation",2017-03-02,"Version consolidée au 2 mars 2017","code_de_l'éducation.md",6
"code_de_l'éducation",2017-03-01,"Version consolidée au 1er mars 2017","code_de_l'éducation.md",12
"code_de_l'éducation",2017-02-27,"Version consolidée au 27 février 2017","code_de_l'éducation.md",10
"code_de_l'éducation",2017-02-24,"Version consolidée au 24 février 2017","code_de_l'éducation.md",8
"code_de_l'éducation",2017-02-03,"Version consolidée au 3 février 2017","code_de_l'éducation.md",8
"code_de_l'éducation",2017-01-29,"Version consolidée au 29 janvier 2017","code_de_l'éducation.md",98
"code_de_l'éducation",2017-01-28,"Version consolidée au 28 janvier 2017","code_de_l'éducation.md",32
"code_de_l'éducation",2017-01-21,"Version consolidée au 21 janvier 2017","code_de_l'éducation.md",4
"code_de_l'éducation",2017-01-14,"Version consolidée au 14 janvier 2017","code_de_l'éducation.md",6
"code_de_l'éducation",2017-01-01,"Version consolidée au 1er janvier 2017","code_de_l'éducation.md",442
"code_de_l'éducation",2016-12-30,"Version consolidée au 30 décembre 2016","code_de_l'éducation.md",8
"code_de_l'éducation",2016-12-25,"Version consolidée au 25 décembre 2016","code_de_l'éducation.md",24
"code_de_l'éducation",2016-12-24,"Version consolidée au 24 décembre 2016","code_de_l'éducation.md",20
"code_de_l'éducation",2016-12-02,"Version consolidée au 2 décembre 2016","code_de_l'éducation.md",59
"code_de_l'éducation",2016-12-01,"Version consolidée au 1er décembre 2016","code_de_l'éducation.md",36
"code_de_l'éducation",2016-11-28,"Version consolidée au 28 novembre 2016","code_de_l'éducation.md",670
"code_de_l'éducation",2016-11-14,"Version consolidée au 14 novembre 2016","code_de_l'éducation.md",74
"code_de_l'éducation",2016-11-01,"Version consolidée au 1er novembre 2016","code_de_l'éducation.md",34
"code_de_l'éducation",2016-10-31,"Version consolidée au 31 octobre 2016","code_de_l'éducation.md",10
"code_de_l'éducation",2016-10-23,"Version consolidée au 23 octobre 2016","code_de_l'éducation.md",16
"code_de_l'éducation",2016-10-16,"Version consolidée au 16 octobre 2016","code_de_l'éducation.md",2
"code_de_l'éducation",2016-10-14,"Version consolidée au 14 octobre 2016","code_de_l'éducation.md",98
"code_de_l'éducation",2016-10-10,"Version consolidée au 10 octobre 2016","code_de_l'éducation.md",18
"code_de_l'éducation",2016-10-09,"Version consolidée au 9 octobre 2016","code_de_l'éducation.md",16
"code_de_l'éducation",2016-10-01,"Version consolidée au 1er octobre 2016","code_de_l'éducation.md",2
"code_de_l'éducation",2016-09-19,"Version consolidée au 19 septembre 2016","code_de_l'éducation.md",32
"code_de_l'éducation",2016-09-15,"Version consolidée au 15 septembre 2016","code_de_l'éducation.md",4
"code_de_l'éducation",2016-09-05,"Version consolidée au 5 septembre 2016","code_de_l'éducation.md",4
"code_de_l'éducation",2016-09-01,"Version consolidée au 1er septembre 2016","code_de_l'éducation.md",1283
"code_de_l'éducation",2016-08-15,"Version consolidée au 15 août 2016","code_de_l'éducation.md",28
"code_de_l'éducation",2016-08-10,"Version consolidée au 10 août 2016","code_de_l'éducation.md",51
"code_de_l'éducation",2016-08-01,"Version consolidée au 1er août 2016","code_de_l'éducation.md",325
"code_de_l'éducation",2016-07-29,"Version consolidée au 29 juillet 2016","code_de_l'éducation.md",102
"code_de_l'éducation",2016-07-24,"Version consolidée au 24 juillet 2016","code_de_l'éducation.md",88
"code_de_l'éducation",2016-07-23,"Version consolidée au 23 juillet 2016","code_de_l'éducation.md",4
"code_de_l'éducation",2016-07-14,"Version consolidée au 14 juillet 2016","code_de_l'éducation.md",24
"code_de_l'éducation",2016-07-09,"Version consolidée au 9 juillet 2016","code_de_l'éducation.md",122
"code_de_l'éducation",2016-06-30,"Version consolidée au 30 juin 2016","code_de_l'éducation.md",2
"code_de_l'éducation",2016-06-27,"Version consolidée au 27 juin 2016","code_de_l'éducation.md",2
"code_de_l'éducation",2016-06-26,"Version consolidée au 26 juin 2016","code_de_l'éducation.md",16
"code_de_l'éducation",2016-06-25,"Version consolidée au 25 juin 2016","code_de_l'éducation.md",24
"code_de_l'éducation",2016-06-22,"Version consolidée au 22 juin 2016","code_de_l'éducation.md",2
"code_de_l'éducation",2016-06-13,"Version consolidée au 13 juin 2016","code_de_l'éducation.md",158
"code_de_l'éducation",2016-06-06,"Version consolidée au 6 juin 2016","code_de_l'éducation.md",14
"code_de_l'éducation",2016-06-01,"Version consolidée au 1er juin 2016","code_de_l'éducation.md",12
"code_de_l'éducation",2016-05-28,"Version consolidée au 28 mai 2016","code_de_l'éducation.md",232
"code_de_l'éducation",2016-05-25,"Version consolidée au 25 mai 2016","code_de_l'éducation.md",4
"code_de_l'éducation",2016-05-01,"Version consolidée au 1er mai 2016","code_de_l'éducation.md",70
"code_de_l'éducation",2016-04-22,"Version consolidée au 22 avril 2016","code_de_l'éducation.md",4
"code_de_l'éducation",2016-04-17,"Version consolidée au 17 avril 2016","code_de_l'éducation.md",44
"code_de_l'éducation",2016-04-16,"Version consolidée au 16 avril 2016","code_de_l'éducation.md",2
"code_de_l'éducation",2016-04-15,"Version consolidée au 15 avril 2016","code_de_l'éducation.md",6
"code_de_l'éducation",2016-04-01,"Version consolidée au 1er avril 2016","code_de_l'éducation.md",2
"code_de_l'éducation",2016-03-19,"Version consolidée au 19 mars 2016","code_de_l'éducation.md",10
"code_de_l'éducation",2016-03-16,"Version consolidée au 16 mars 2016","code_de_l'éducation.md",2
"code_de_l'éducation",2016-02-26,"Version consolidée au 26 février 2016","code_de_l'éducation.md",22
"code_de_l'éducation",2016-02-13,"Version consolidée au 13 février 2016","code_de_l'éducation.md",2
"code_de_l'éducation",2016-02-12,"Version consolidée au 12 février 2016","code_de_l'éducation.md",12
"code_de_l'éducation",2016-01-30,"Version consolidée au 30 janvier 2016","code_de_l'éducation.md",34
"code_de_l'éducation",2016-01-28,"Version consolidée au 28 janvier 2016","code_de_l'éducation.md",32
"code_de_l'éducation",2016-01-22,"Version consolidée au 22 janvier 2016","code_de_l'éducation.md",4
"code_de_l'éducation",2016-01-21,"Version consolidée au 21 janvier 2016","code_de_l'éducation.md",22
"code_de_l'éducation",2016-01-17,"Version consolidée au 17 janvier 2016","code_de_l'éducation.md",4
"code_de_l'éducation",2016-01-01,"Version consolidée au 1er janvier 2016","code_de_l'éducation.md",806
"code_de_l'éducation",2015-12-31,"Version consolidée au 31 décembre 2015","code_de_l'éducation.md",8
"code_de_l'éducation",2015-12-17,"Version consolidée au 17 décembre 2015","code_de_l'éducation.md",2
"code_de_l'éducation",2015-12-10,"Version consolidée au 10 décembre 2015","code_de_l'éducation.md",4
"code_de_l'éducation",2015-12-04,"Version consolidée au 4 décembre 2015","code_de_l'éducation.md",2
"code_de_l'éducation",2015-12-01,"Version consolidée au 1er décembre 2015","code_de_l'éducation.md",12
"code_de_l'éducation",2015-11-29,"Version consolidée au 29 novembre 2015","code_de_l'éducation.md",12
"code_de_l'éducation",2015-11-27,"Version consolidée au 27 novembre 2015","code_de_l'éducation.md",16
"code_de_l'éducation",2015-11-02,"Version consolidée au 2 novembre 2015","code_de_l'éducation.md",8
"code_de_l'éducation",2015-11-01,"Version consolidée au 1er novembre 2015","code_de_l'éducation.md",12
"code_de_l'éducation",2015-10-29,"Version consolidée au 29 octobre 2015","code_de_l'éducation.md",26
"code_de_l'éducation",2015-10-28,"Version consolidée au 28 octobre 2015","code_de_l'éducation.md",4
"code_de_l'éducation",2015-10-05,"Version consolidée au 5 octobre 2015","code_de_l'éducation.md",34
"code_de_l'éducation",2015-09-26,"Version consolidée au 26 septembre 2015","code_de_l'éducation.md",20
"code_de_l'éducation",2015-09-24,"Version consolidée au 24 septembre 2015","code_de_l'éducation.md",64
"code_de_l'éducation",2015-09-19,"Version consolidée au 19 septembre 2015","code_de_l'éducation.md",2
"code_de_l'éducation",2015-09-14,"Version consolidée au 14 septembre 2015","code_de_l'éducation.md",8
"code_de_l'éducation",2015-09-01,"Version consolidée au 1er septembre 2015","code_de_l'éducation.md",692
"code_de_l'éducation",2015-08-31,"Version consolidée au 31 août 2015","code_de_l'éducation.md",283
"code_de_l'éducation",2015-08-29,"Version consolidée au 29 août 2015","code_de_l'éducation.md",92
"code_de_l'éducation",2015-08-28,"Version consolidée au 28 août 2015","code_de_l'éducation.md",70
"code_de_l'éducation",2015-08-21,"Version consolidée au 21 août 2015","code_de_l'éducation.md",8
"code_de_l'éducation",2015-08-19,"Version consolidée au 19 août 2015","code_de_l'éducation.md",2
"code_de_l'éducation",2015-08-09,"Version consolidée au 9 août 2015","code_de_l'éducation.md",26
"code_de_l'éducation",2015-08-08,"Version consolidée au 8 août 2015","code_de_l'éducation.md",2
"code_de_l'éducation",2015-07-23,"Version consolidée au 23 juillet 2015","code_de_l'éducation.md",6
"code_de_l'éducation",2015-07-12,"Version consolidée au 12 juillet 2015","code_de_l'éducation.md",22
"code_de_l'éducation",2015-07-02,"Version consolidée au 2 juillet 2015","code_de_l'éducation.md",14
"code_de_l'éducation",2015-06-29,"Version consolidée au 29 juin 2015","code_de_l'éducation.md",8
"code_de_l'éducation",2015-06-28,"Version consolidée au 28 juin 2015","code_de_l'éducation.md",54
"code_de_l'éducation",2015-06-18,"Version consolidée au 18 juin 2015","code_de_l'éducation.md",16
"code_de_l'éducation",2015-06-14,"Version consolidée au 14 juin 2015","code_de_l'éducation.md",4182
"code_de_l'éducation",2015-06-11,"Version consolidée au 11 juin 2015","code_de_l'éducation.md",6
"code_de_l'éducation",2015-05-17,"Version consolidée au 17 mai 2015","code_de_l'éducation.md",6
"code_de_l'éducation",2015-05-15,"Version consolidée au 15 mai 2015","code_de_l'éducation.md",34
"code_de_l'éducation",2015-05-14,"Version consolidée au 14 mai 2015","code_de_l'éducation.md",60
"code_de_l'éducation",2015-05-02,"Version consolidée au 2 mai 2015","code_de_l'éducation.md",2
"code_de_l'éducation",2015-04-18,"Version consolidée au 18 avril 2015","code_de_l'éducation.md",144
"code_de_l'éducation",2015-04-10,"Version consolidée au 10 avril 2015","code_de_l'éducation.md",2
"code_de_l'éducation",2015-04-06,"Version consolidée au 6 avril 2015","code_de_l'éducation.md",2
"code_de_l'éducation",2015-04-02,"Version consolidée au 2 avril 2015","code_de_l'éducation.md",4
"code_de_l'éducation",2015-03-28,"Version consolidée au 28 mars 2015","code_de_l'éducation.md",12
"code_de_l'éducation",2015-03-22,"Version consolidée au 22 mars 2015","code_de_l'éducation.md",108
"code_de_l'éducation",2015-03-05,"Version consolidée au 5 mars 2015","code_de_l'éducation.md",40
"code_de_l'éducation",2015-03-02,"Version consolidée au 2 mars 2015","code_de_l'éducation.md",77
"code_de_l'éducation",2015-02-22,"Version consolidée au 22 février 2015","code_de_l'éducation.md",28
"code_de_l'éducation",2015-02-18,"Version consolidée au 18 février 2015","code_de_l'éducation.md",20
"code_de_l'éducation",2015-02-09,"Version consolidée au 9 février 2015","code_de_l'éducation.md",4
"code_de_l'éducation",2015-02-07,"Version consolidée au 7 février 2015","code_de_l'éducation.md",14
"code_de_l'éducation",2015-01-31,"Version consolidée au 31 janvier 2015","code_de_l'éducation.md",156
"code_de_l'éducation",2015-01-20,"Version consolidée au 20 janvier 2015","code_de_l'éducation.md",6
"code_de_l'éducation",2015-01-16,"Version consolidée au 16 janvier 2015","code_de_l'éducation.md",161
"code_de_l'éducation",2015-01-09,"Version consolidée au 9 janvier 2015","code_de_l'éducation.md",38
"code_de_l'éducation",2015-01-01,"Version consolidée au 1er janvier 2015","code_de_l'éducation.md",565
"code_de_l'éducation",2014-12-29,"Version consolidée au 29 décembre 2014","code_de_l'éducation.md",180
"code_de_l'éducation",2014-12-22,"Version consolidée au 22 décembre 2014","code_de_l'éducation.md",36
"code_de_l'éducation",2014-12-20,"Version consolidée au 20 décembre 2014","code_de_l'éducation.md",18
"code_de_l'éducation",2014-12-18,"Version consolidée au 18 décembre 2014","code_de_l'éducation.md",32
"code_de_l'éducation",2014-12-13,"Version consolidée au 13 décembre 2014","code_de_l'éducation.md",63
"code_de_l'éducation",2014-12-08,"Version consolidée au 8 décembre 2014","code_de_l'éducation.md",44
"code_de_l'éducation",2014-12-01,"Version consolidée au 1er décembre 2014","code_de_l'éducation.md",466
"code_de_l'éducation",2014-11-28,"Version consolidée au 28 novembre 2014","code_de_l'éducation.md",37
"code_de_l'éducation",2014-11-21,"Version consolidée au 21 novembre 2014","code_de_l'éducation.md",44
"code_de_l'éducation",2014-11-03,"Version consolidée au 3 novembre 2014","code_de_l'éducation.md",42
"code_de_l'éducation",2014-10-26,"Version consolidée au 26 octobre 2014","code_de_l'éducation.md",4
"code_de_l'éducation",2014-10-16,"Version consolidée au 16 octobre 2014","code_de_l'éducation.md",4
"code_de_l'éducation",2014-10-15,"Version consolidée au 15 octobre 2014","code_de_l'éducation.md",50
"code_de_l'éducation",2014-10-02,"Version consolidée au 2 octobre 2014","code_de_l'éducation.md",26
"code_de_l'éducation",2014-09-29,"Version consolidée au 29 septembre 2014","code_de_l'éducation.md",4
"code_de_l'éducation",2014-09-26,"Version consolidée au 26 septembre 2014","code_de_l'éducation.md",20
"code_de_l'éducation",2014-09-19,"Version consolidée au 19 septembre 2014","code_de_l'éducation.md",20
"code_de_l'éducation",2014-09-01,"Version consolidée au 1er septembre 2014","code_de_l'éducation.md",106
"code_de_l'éducation",2014-08-28,"Version consolidée au 28 août 2014","code_de_l'éducation.md",6
"code_de_l'éducation",2014-08-10,"Version consolidée au 10 août 2014","code_de_l'éducation.md",4
"code_de_l'éducation",2014-08-06,"Version consolidée au 6 août 2014","code_de_l'éducation.md",10
"code_de_l'éducation",2014-08-02,"Version consolidée au 2 août 2014","code_de_l'éducation.md",10
"code_de_l'éducation",2014-07-24,"Version consolidée au 24 juillet 2014","code_de_l'éducation.md",8
"code_de_l'éducation",2014-07-19,"Version consolidée au 19 juillet 2014","code_de_l'éducation.md",168
"code_de_l'éducation",2014-07-18,"Version consolidée au 18 juillet 2014","code_de_l'éducation.md",4
"code_de_l'éducation",2014-07-12,"Version consolidée au 12 juillet 2014","code_de_l'éducation.md",174
"code_de_l'éducation",2014-07-01,"Version consolidée au 1er juillet 2014","code_de_l'éducation.md",2
"code_de_l'éducation",2014-06-30,"Version consolidée au 30 juin 2014","code_de_l'éducation.md",12
"code_de_l'éducation",2014-06-28,"Version consolidée au 28 juin 2014","code_de_l'éducation.md",135
"code_de_l'éducation",2014-06-27,"Version consolidée au 27 juin 2014","code_de_l'éducation.md",20
"code_de_l'éducation",2014-06-21,"Version consolidée au 21 juin 2014","code_de_l'éducation.md",62
"code_de_l'éducation",2014-06-09,"Version consolidée au 9 juin 2014","code_de_l'éducation.md",74
"code_de_l'éducation",2014-05-30,"Version consolidée au 30 mai 2014","code_de_l'éducation.md",70
"code_de_l'éducation",2014-05-25,"Version consolidée au 25 mai 2014","code_de_l'éducation.md",8
"code_de_l'éducation",2014-03-16,"Version consolidée au 16 mars 2014","code_de_l'éducation.md",6
"code_de_l'éducation",2014-03-12,"Version consolidée au 12 mars 2014","code_de_l'éducation.md",74
"code_de_l'éducation",2014-03-07,"Version consolidée au 7 mars 2014","code_de_l'éducation.md",202
"code_de_l'éducation",2014-03-01,"Version consolidée au 1er mars 2014","code_de_l'éducation.md",101
"code_de_l'éducation",2014-02-27,"Version consolidée au 27 février 2014","code_de_l'éducation.md",28
"code_de_l'éducation",2014-01-29,"Version consolidée au 29 janvier 2014","code_de_l'éducation.md",8
"code_de_l'éducation",2014-01-16,"Version consolidée au 16 janvier 2014","code_de_l'éducation.md",20
"code_de_l'éducation",2014-01-01,"Version consolidée au 1er janvier 2014","code_de_l'éducation.md",122
"code_de_l'éducation",2013-12-29,"Version consolidée au 29 décembre 2013","code_de_l'éducation.md",632
"code_de_l'éducation",2013-12-12,"Version consolidée au 12 décembre 2013","code_de_l'éducation.md",4
"code_de_l'éducation",2013-12-02,"Version consolidée au 2 décembre 2013","code_de_l'éducation.md",32
"code_de_l'éducation",2013-11-07,"Version consolidée au 7 novembre 2013","code_de_l'éducation.md",20
"code_de_l'éducation",2013-10-25,"Version consolidée au 25 octobre 2013","code_de_l'éducation.md",49
"code_de_l'éducation",2013-10-19,"Version consolidée au 19 octobre 2013","code_de_l'éducation.md",12
"code_de_l'éducation",2013-10-15,"Version consolidée au 15 octobre 2013","code_de_l'éducation.md",18
"code_de_l'éducation",2013-09-27,"Version consolidée au 27 septembre 2013","code_de_l'éducation.md",130
"code_de_l'éducation",2013-09-03,"Version consolidée au 3 septembre 2013","code_de_l'éducation.md",82
"code_de_l'éducation",2013-09-01,"Version consolidée au 1er septembre 2013","code_de_l'éducation.md",98
"code_de_l'éducation",2013-08-31,"Version consolidée au 31 août 2013","code_de_l'éducation.md",50
"code_de_l'éducation",2013-08-30,"Version consolidée au 30 août 2013","code_de_l'éducation.md",12
"code_de_l'éducation",2013-08-29,"Version consolidée au 29 août 2013","code_de_l'éducation.md",56
"code_de_l'éducation",2013-08-28,"Version consolidée au 28 août 2013","code_de_l'éducation.md",148
"code_de_l'éducation",2013-08-21,"Version consolidée au 21 août 2013","code_de_l'éducation.md",8806
"code_de_l'éducation",2013-08-18,"Version consolidée au 18 août 2013","code_de_l'éducation.md",4
"code_de_l'éducation",2013-07-29,"Version consolidée au 29 juillet 2013","code_de_l'éducation.md",98
"code_de_l'éducation",2013-07-24,"Version consolidée au 24 juillet 2013","code_de_l'éducation.md",837
"code_de_l'éducation",2013-07-10,"Version consolidée au 10 juillet 2013","code_de_l'éducation.md",542
"code_de_l'éducation",2013-06-12,"Version consolidée au 12 juin 2013","code_de_l'éducation.md",22
"code_de_l'éducation",2013-05-25,"Version consolidée au 25 mai 2013","code_de_l'éducation.md",182
"code_de_l'éducation",2013-05-13,"Version consolidée au 13 mai 2013","code_de_l'éducation.md",8
"code_de_l'éducation",2013-04-24,"Version consolidée au 24 avril 2013","code_de_l'éducation.md",2
"code_de_l'éducation",2013-02-21,"Version consolidée au 21 février 2013","code_de_l'éducation.md",4
"code_de_l'éducation",2013-02-02,"Version consolidée au 2 février 2013","code_de_l'éducation.md",20
"code_de_l'éducation",2013-01-01,"Version consolidée au 1er janvier 2013","code_de_l'éducation.md",203
"code_de_l'éducation",2012-12-19,"Version consolidée au 19 décembre 2012","code_de_l'éducation.md",28
"code_de_l'éducation",2012-11-23,"Version consolidée au 23 novembre 2012","code_de_l'éducation.md",6
"code_de_l'éducation",2012-11-11,"Version consolidée au 11 novembre 2012","code_de_l'éducation.md",16
"code_de_l'éducation",2012-10-29,"Version consolidée au 29 octobre 2012","code_de_l'éducation.md",35
"code_de_l'éducation",2012-10-06,"Version consolidée au 6 octobre 2012","code_de_l'éducation.md",4
"code_de_l'éducation",2012-10-01,"Version consolidée au 1er octobre 2012","code_de_l'éducation.md",4
"code_de_l'éducation",2012-09-07,"Version consolidée au 7 septembre 2012","code_de_l'éducation.md",4
"code_de_l'éducation",2012-09-04,"Version consolidée au 4 septembre 2012","code_de_l'éducation.md",8
"code_de_l'éducation",2012-09-01,"Version consolidée au 1er septembre 2012","code_de_l'éducation.md",197
"code_de_l'éducation",2012-07-26,"Version consolidée au 26 juillet 2012","code_de_l'éducation.md",32
"code_de_l'éducation",2012-06-01,"Version consolidée au 1er juin 2012","code_de_l'éducation.md",118
"code_de_l'éducation",2012-05-01,"Version consolidée au 1er mai 2012","code_de_l'éducation.md",2
"code_de_l'éducation",2012-04-27,"Version consolidée au 27 avril 2012","code_de_l'éducation.md",4
"code_de_l'éducation",2012-03-29,"Version consolidée au 29 mars 2012","code_de_l'éducation.md",24
"code_de_l'éducation",2012-03-24,"Version consolidée au 24 mars 2012","code_de_l'éducation.md",6
"code_de_l'éducation",2012-03-14,"Version consolidée au 14 mars 2012","code_de_l'éducation.md",12
"code_de_l'éducation",2012-03-07,"Version consolidée au 7 mars 2012","code_de_l'éducation.md",4
"code_de_l'éducation",2012-02-18,"Version consolidée au 18 février 2012","code_de_l'éducation.md",2
"code_de_l'éducation",2012-02-11,"Version consolidée au 11 février 2012","code_de_l'éducation.md",4
"code_de_l'éducation",2012-02-03,"Version consolidée au 3 février 2012","code_de_l'éducation.md",10
"code_de_l'éducation",2012-02-01,"Version consolidée au 1er février 2012","code_de_l'éducation.md",726
"code_de_l'éducation",2012-01-28,"Version consolidée au 28 janvier 2012","code_de_l'éducation.md",314
"code_de_l'éducation",2011-12-30,"Version consolidée au 30 décembre 2011","code_de_l'éducation.md",59
"code_de_l'éducation",2011-12-08,"Version consolidée au 8 décembre 2011","code_de_l'éducation.md",2
"code_de_l'éducation",2011-12-04,"Version consolidée au 4 décembre 2011","code_de_l'éducation.md",34
"code_de_l'éducation",2011-11-16,"Version consolidée au 16 novembre 2011","code_de_l'éducation.md",274
"code_de_l'éducation",2011-11-01,"Version consolidée au 1er novembre 2011","code_de_l'éducation.md",12
"code_de_l'éducation",2011-10-20,"Version consolidée au 20 octobre 2011","code_de_l'éducation.md",64
"code_de_l'éducation",2011-09-29,"Version consolidée au 29 septembre 2011","code_de_l'éducation.md",16
"code_de_l'éducation",2011-09-19,"Version consolidée au 19 septembre 2011","code_de_l'éducation.md",44
"code_de_l'éducation",2011-09-05,"Version consolidée au 5 septembre 2011","code_de_l'éducation.md",26
"code_de_l'éducation",2011-09-01,"Version consolidée au 1er septembre 2011","code_de_l'éducation.md",166
"code_de_l'éducation",2011-08-13,"Version consolidée au 13 août 2011","code_de_l'éducation.md",8
"code_de_l'éducation",2011-08-12,"Version consolidée au 12 août 2011","code_de_l'éducation.md",2
"code_de_l'éducation",2011-07-30,"Version consolidée au 30 juillet 2011","code_de_l'éducation.md",38
"code_de_l'éducation",2011-07-09,"Version consolidée au 9 juillet 2011","code_de_l'éducation.md",4
"code_de_l'éducation",2011-07-01,"Version consolidée au 1er juillet 2011","code_de_l'éducation.md",2
"code_de_l'éducation",2011-06-15,"Version consolidée au 15 juin 2011","code_de_l'éducation.md",17
"code_de_l'éducation",2011-06-03,"Version consolidée au 3 juin 2011","code_de_l'éducation.md",10
"code_de_l'éducation",2011-05-19,"Version consolidée au 19 mai 2011","code_de_l'éducation.md",34
"code_de_l'éducation",2011-03-31,"Version consolidée au 31 mars 2011","code_de_l'éducation.md",13
"code_de_l'éducation",2011-03-24,"Version consolidée au 24 mars 2011","code_de_l'éducation.md",10
"code_de_l'éducation",2011-03-16,"Version consolidée au 16 mars 2011","code_de_l'éducation.md",2
"code_de_l'éducation",2011-02-20,"Version consolidée au 20 février 2011","code_de_l'éducation.md",4
"code_de_l'éducation",2011-01-02,"Version consolidée au 2 janvier 2011","code_de_l'éducation.md",70
"code_de_l'éducation",2011-01-01,"Version consolidée au 1er janvier 2011","code_de_l'éducation.md",56
"code_de_l'éducation",2010-12-30,"Version consolidée au 30 décembre 2010","code_de_l'éducation.md",264
"code_de_l'éducation",2010-12-22,"Version consolidée au 22 décembre 2010","code_de_l'éducation.md",4
"code_de_l'éducation",2010-12-15,"Version consolidée au 15 décembre 2010","code_de_l'éducation.md",70
"code_de_l'éducation",2010-12-01,"Version consolidée au 1er décembre 2010","code_de_l'éducation.md",38
"code_de_l'éducation",2010-11-14,"Version consolidée au 14 novembre 2010","code_de_l'éducation.md",14
"code_de_l'éducation",2010-11-12,"Version consolidée au 12 novembre 2010","code_de_l'éducation.md",6
"code_de_l'éducation",2010-11-11,"Version consolidée au 11 novembre 2010","code_de_l'éducation.md",2
"code_de_l'éducation",2010-10-01,"Version consolidée au 1er octobre 2010","code_de_l'éducation.md",27
"code_de_l'éducation",2010-09-30,"Version consolidée au 30 septembre 2010","code_de_l'éducation.md",24
"code_de_l'éducation",2010-09-19,"Version consolidée au 19 septembre 2010","code_de_l'éducation.md",2
"code_de_l'éducation",2010-09-02,"Version consolidée au 2 septembre 2010","code_de_l'éducation.md",4
"code_de_l'éducation",2010-09-01,"Version consolidée au 1er septembre 2010","code_de_l'éducation.md",32
"code_de_l'éducation",2010-08-26,"Version consolidée au 26 août 2010","code_de_l'éducation.md",15
"code_de_l'éducation",2010-07-31,"Version consolidée au 31 juillet 2010","code_de_l'éducation.md",14
"code_de_l'éducation",2010-07-29,"Version consolidée au 29 juillet 2010","code_de_l'éducation.md",66
"code_de_l'éducation",2010-07-15,"Version consolidée au 15 juillet 2010","code_de_l'éducation.md",4
"code_de_l'éducation",2010-07-14,"Version consolidée au 14 juillet 2010","code_de_l'éducation.md",6
"code_de_l'éducation",2010-07-12,"Version consolidée au 12 juillet 2010","code_de_l'éducation.md",22
"code_de_l'éducation",2010-07-11,"Version consolidée au 11 juillet 2010","code_de_l'éducation.md",6
"code_de_l'éducation",2010-07-07,"Version consolidée au 7 juillet 2010","code_de_l'éducation.md",10
"code_de_l'éducation",2010-07-03,"Version consolidée au 3 juillet 2010","code_de_l'éducation.md",18
"code_de_l'éducation",2010-07-01,"Version consolidée au 1er juillet 2010","code_de_l'éducation.md",14
"code_de_l'éducation",2010-06-30,"Version consolidée au 30 juin 2010","code_de_l'éducation.md",2
"code_de_l'éducation",2010-06-21,"Version consolidée au 21 juin 2010","code_de_l'éducation.md",6
"code_de_l'éducation",2010-06-15,"Version consolidée au 15 juin 2010","code_de_l'éducation.md",12
"code_de_l'éducation",2010-06-06,"Version consolidée au 6 juin 2010","code_de_l'éducation.md",2
"code_de_l'éducation",2010-06-05,"Version consolidée au 5 juin 2010","code_de_l'éducation.md",38
"code_de_l'éducation",2010-05-31,"Version consolidée au 31 mai 2010","code_de_l'éducation.md",20
"code_de_l'éducation",2010-05-30,"Version consolidée au 30 mai 2010","code_de_l'éducation.md",10
"code_de_l'éducation",2010-05-20,"Version consolidée au 20 mai 2010","code_de_l'éducation.md",8
"code_de_l'éducation",2010-05-14,"Version consolidée au 14 mai 2010","code_de_l'éducation.md",4
"code_de_l'éducation",2010-05-08,"Version consolidée au 8 mai 2010","code_de_l'éducation.md",146
"code_de_l'éducation",2010-05-01,"Version consolidée au 1er mai 2010","code_de_l'éducation.md",142
"code_de_l'éducation",2010-04-12,"Version consolidée au 12 avril 2010","code_de_l'éducation.md",3
"code_de_l'éducation",2010-03-27,"Version consolidée au 27 mars 2010","code_de_l'éducation.md",6
"code_de_l'éducation",2010-02-26,"Version consolidée au 26 février 2010","code_de_l'éducation.md",12
"code_de_l'éducation",2010-02-13,"Version consolidée au 13 février 2010","code_de_l'éducation.md",65
"code_de_l'éducation",2010-02-10,"Version consolidée au 10 février 2010","code_de_l'éducation.md",6
"code_de_l'éducation",2010-01-29,"Version consolidée au 29 janvier 2010","code_de_l'éducation.md",104
"code_de_l'éducation",2010-01-27,"Version consolidée au 27 janvier 2010","code_de_l'éducation.md",2
"code_de_l'éducation",2010-01-20,"Version consolidée au 20 janvier 2010","code_de_l'éducation.md",2
"code_de_l'éducation",2010-01-16,"Version consolidée au 16 janvier 2010","code_de_l'éducation.md",2
"code_de_l'éducation",2010-01-01,"Version consolidée au 1er janvier 2010","code_de_l'éducation.md",8
"code_de_l'éducation",2009-12-16,"Version consolidée au 16 décembre 2009","code_de_l'éducation.md",4
"code_de_l'éducation",2009-12-12,"Version consolidée au 12 décembre 2009","code_de_l'éducation.md",24
"code_de_l'éducation",2009-12-10,"Version consolidée au 10 décembre 2009","code_de_l'éducation.md",12
"code_de_l'éducation",2009-11-26,"Version consolidée au 26 novembre 2009","code_de_l'éducation.md",85
"code_de_l'éducation",2009-11-14,"Version consolidée au 14 novembre 2009","code_de_l'éducation.md",12
"code_de_l'éducation",2009-10-30,"Version consolidée au 30 octobre 2009","code_de_l'éducation.md",22
"code_de_l'éducation",2009-10-01,"Version consolidée au 1er octobre 2009","code_de_l'éducation.md",278
"code_de_l'éducation",2009-09-25,"Version consolidée au 25 septembre 2009","code_de_l'éducation.md",40
"code_de_l'éducation",2009-09-02,"Version consolidée au 2 septembre 2009","code_de_l'éducation.md",50
"code_de_l'éducation",2009-09-01,"Version consolidée au 1er septembre 2009","code_de_l'éducation.md",347
"code_de_l'éducation",2009-08-07,"Version consolidée au 7 août 2009","code_de_l'éducation.md",2
"code_de_l'éducation",2009-08-02,"Version consolidée au 2 août 2009","code_de_l'éducation.md",4
"code_de_l'éducation",2009-07-30,"Version consolidée au 30 juillet 2009","code_de_l'éducation.md",36
"code_de_l'éducation",2009-07-23,"Version consolidée au 23 juillet 2009","code_de_l'éducation.md",58
"code_de_l'éducation",2009-07-01,"Version consolidée au 1er juillet 2009","code_de_l'éducation.md",60
"code_de_l'éducation",2009-06-25,"Version consolidée au 25 juin 2009","code_de_l'éducation.md",20
"code_de_l'éducation",2009-06-18,"Version consolidée au 18 juin 2009","code_de_l'éducation.md",22
"code_de_l'éducation",2009-06-14,"Version consolidée au 14 juin 2009","code_de_l'éducation.md",4
"code_de_l'éducation",2009-06-09,"Version consolidée au 9 juin 2009","code_de_l'éducation.md",284
"code_de_l'éducation",2009-05-21,"Version consolidée au 21 mai 2009","code_de_l'éducation.md",1700
"code_de_l'éducation",2009-05-16,"Version consolidée au 16 mai 2009","code_de_l'éducation.md",14
"code_de_l'éducation",2009-05-14,"Version consolidée au 14 mai 2009","code_de_l'éducation.md",70
"code_de_l'éducation",2009-04-05,"Version consolidée au 5 avril 2009","code_de_l'éducation.md",16
"code_de_l'éducation",2009-03-02,"Version consolidée au 2 mars 2009","code_de_l'éducation.md",16
"code_de_l'éducation",2009-02-12,"Version consolidée au 12 février 2009","code_de_l'éducation.md",54
"code_de_l'éducation",2009-01-24,"Version consolidée au 24 janvier 2009","code_de_l'éducation.md",6
"code_de_l'éducation",2009-01-01,"Version consolidée au 1er janvier 2009","code_de_l'éducation.md",27
"code_de_l'éducation",2008-12-29,"Version consolidée au 29 décembre 2008","code_de_l'éducation.md",1118
"code_de_l'éducation",2008-12-27,"Version consolidée au 27 décembre 2008","code_de_l'éducation.md",185
"code_de_l'éducation",2008-12-21,"Version consolidée au 21 décembre 2008","code_de_l'éducation.md",52
"code_de_l'éducation",2008-12-13,"Version consolidée au 13 décembre 2008","code_de_l'éducation.md",250
"code_de_l'éducation",2008-11-23,"Version consolidée au 23 novembre 2008","code_de_l'éducation.md",110
"code_de_l'éducation",2008-11-17,"Version consolidée au 17 novembre 2008","code_de_l'éducation.md",12
"code_de_l'éducation",2008-10-10,"Version consolidée au 10 octobre 2008","code_de_l'éducation.md",24
"code_de_l'éducation",2008-10-04,"Version consolidée au 4 octobre 2008","code_de_l'éducation.md",23
"code_de_l'éducation",2008-09-02,"Version consolidée au 2 septembre 2008","code_de_l'éducation.md",24
"code_de_l'éducation",2008-09-01,"Version consolidée au 1er septembre 2008","code_de_l'éducation.md",78
"code_de_l'éducation",2008-08-28,"Version consolidée au 28 août 2008","code_de_l'éducation.md",40
"code_de_l'éducation",2008-08-23,"Version consolidée au 23 août 2008","code_de_l'éducation.md",6
"code_de_l'éducation",2008-08-22,"Version consolidée au 22 août 2008","code_de_l'éducation.md",36
"code_de_l'éducation",2008-08-06,"Version consolidée au 6 août 2008","code_de_l'éducation.md",12
"code_de_l'éducation",2008-07-26,"Version consolidée au 26 juillet 2008","code_de_l'éducation.md",52
"code_de_l'éducation",2008-06-01,"Version consolidée au 1er juin 2008","code_de_l'éducation.md",20
"code_de_l'éducation",2008-05-01,"Version consolidée au 1er mai 2008","code_de_l'éducation.md",64
"code_de_l'éducation",2008-04-05,"Version consolidée au 5 avril 2008","code_de_l'éducation.md",2
"code_de_l'éducation",2008-03-19,"Version consolidée au 19 mars 2008","code_de_l'éducation.md",6349
"code_de_l'éducation",2008-02-16,"Version consolidée au 16 février 2008","code_de_l'éducation.md",63
"code_de_l'éducation",2008-02-15,"Version consolidée au 15 février 2008","code_de_l'éducation.md",26
"code_de_l'éducation",2008-02-14,"Version consolidée au 14 février 2008","code_de_l'éducation.md",6
"code_de_l'éducation",2008-02-11,"Version consolidée au 11 février 2008","code_de_l'éducation.md",62
"code_de_l'éducation",2008-02-10,"Version consolidée au 10 février 2008","code_de_l'éducation.md",14
"code_de_l'éducation",2008-01-01,"Version consolidée au 1er janvier 2008","code_de_l'éducation.md",52
"code_de_l'éducation",2007-12-29,"Version consolidée au 29 décembre 2007","code_de_l'éducation.md",2
"code_de_l'éducation",2007-12-28,"Version consolidée au 28 décembre 2007","code_de_l'éducation.md",7
"code_de_l'éducation",2007-12-22,"Version consolidée au 22 décembre 2007","code_de_l'éducation.md",4
"code_de_l'éducation",2007-12-16,"Version consolidée au 16 décembre 2007","code_de_l'éducation.md",25
"code_de_l'éducation",2007-12-09,"Version consolidée au 9 décembre 2007","code_de_l'éducation.md",28
"code_de_l'éducation",2007-10-28,"Version consolidée au 28 octobre 2007","code_de_l'éducation.md",6
"code_de_l'éducation",2007-10-01,"Version consolidée au 1er octobre 2007","code_de_l'éducation.md",2
"code_de_l'éducation",2007-09-14,"Version consolidée au 14 septembre 2007","code_de_l'éducation.md",10
"code_de_l'éducation",2007-09-01,"Version consolidée au 1er septembre 2007","code_de_l'éducation.md",4
"code_de_l'éducation",2007-08-11,"Version consolidée au 11 août 2007","code_de_l'éducation.md",360
"code_de_l'éducation",2007-07-25,"Version consolidée au 25 juillet 2007","code_de_l'éducation.md",28
"code_de_l'éducation",2007-07-19,"Version consolidée au 19 juillet 2007","code_de_l'éducation.md",4
"code_de_l'éducation",2007-05-16,"Version consolidée au 16 mai 2007","code_de_l'éducation.md",4
"code_de_l'éducation",2007-05-15,"Version consolidée au 15 mai 2007","code_de_l'éducation.md",35
"code_de_l'éducation",2007-05-03,"Version consolidée au 3 mai 2007","code_de_l'éducation.md",2
"code_de_l'éducation",2007-03-30,"Version consolidée au 30 mars 2007","code_de_l'éducation.md",18
"code_de_l'éducation",2007-03-27,"Version consolidée au 27 mars 2007","code_de_l'éducation.md",98
"code_de_l'éducation",2007-03-25,"Version consolidée au 25 mars 2007","code_de_l'éducation.md",4
"code_de_l'éducation",2007-03-07,"Version consolidée au 7 mars 2007","code_de_l'éducation.md",28
"code_de_l'éducation",2007-03-06,"Version consolidée au 6 mars 2007","code_de_l'éducation.md",42
"code_de_l'éducation",2007-02-21,"Version consolidée au 21 février 2007","code_de_l'éducation.md",24
"code_de_l'éducation",2007-01-01,"Version consolidée au 1er janvier 2007","code_de_l'éducation.md",2
"code_de_l'éducation",2006-12-31,"Version consolidée au 31 décembre 2006","code_de_l'éducation.md",34
"code_de_l'éducation",2006-12-20,"Version consolidée au 20 décembre 2006","code_de_l'éducation.md",83
"code_de_l'éducation",2006-11-04,"Version consolidée au 4 novembre 2006","code_de_l'éducation.md",114
"code_de_l'éducation",2006-11-01,"Version consolidée au 1er novembre 2006","code_de_l'éducation.md",8
"code_de_l'éducation",2006-09-15,"Version consolidée au 15 septembre 2006","code_de_l'éducation.md",21
"code_de_l'éducation",2006-09-02,"Version consolidée au 2 septembre 2006","code_de_l'éducation.md",22
"code_de_l'éducation",2006-08-22,"Version consolidée au 22 août 2006","code_de_l'éducation.md",64
"code_de_l'éducation",2006-08-04,"Version consolidée au 4 août 2006","code_de_l'éducation.md",14
"code_de_l'éducation",2006-07-29,"Version consolidée au 29 juillet 2006","code_de_l'éducation.md",80
"code_de_l'éducation",2006-07-12,"Version consolidée au 12 juillet 2006","code_de_l'éducation.md",649
"code_de_l'éducation",2006-07-01,"Version consolidée au 1er juillet 2006","code_de_l'éducation.md",92
"code_de_l'éducation",2006-06-27,"Version consolidée au 27 juin 2006","code_de_l'éducation.md",8
"code_de_l'éducation",2006-06-23,"Version consolidée au 23 juin 2006","code_de_l'éducation.md",8
"code_de_l'éducation",2006-06-08,"Version consolidée au 8 juin 2006","code_de_l'éducation.md",2
"code_de_l'éducation",2006-06-02,"Version consolidée au 2 juin 2006","code_de_l'éducation.md",4
"code_de_l'éducation",2006-05-25,"Version consolidée au 25 mai 2006","code_de_l'éducation.md",130
"code_de_l'éducation",2006-05-24,"Version consolidée au 24 mai 2006","code_de_l'éducation.md",7917
"code_de_l'éducation",2006-05-21,"Version consolidée au 21 mai 2006","code_de_l'éducation.md",2
"code_de_l'éducation",2006-05-10,"Version consolidée au 10 mai 2006","code_de_l'éducation.md",28
"code_de_l'éducation",2006-04-19,"Version consolidée au 19 avril 2006","code_de_l'éducation.md",38
"code_de_l'éducation",2006-04-13,"Version consolidée au 13 avril 2006","code_de_l'éducation.md",32
"code_de_l'éducation",2006-04-02,"Version consolidée au 2 avril 2006","code_de_l'éducation.md",40
"code_de_l'éducation",2006-03-24,"Version consolidée au 24 mars 2006","code_de_l'éducation.md",8
"code_de_l'éducation",2006-03-07,"Version consolidée au 7 mars 2006","code_de_l'éducation.md",2
"code_de_l'éducation",2006-02-17,"Version consolidée au 17 février 2006","code_de_l'éducation.md",8
"code_de_l'éducation",2006-02-01,"Version consolidée au 1er février 2006","code_de_l'éducation.md",2
"code_de_l'éducation",2006-01-31,"Version consolidée au 31 janvier 2006","code_de_l'éducation.md",4
"code_de_l'éducation",2006-01-06,"Version consolidée au 6 janvier 2006","code_de_l'éducation.md",9
"code_de_l'éducation",2006-01-01,"Version consolidée au 1er janvier 2006","code_de_l'éducation.md",6
"code_de_l'éducation",2005-12-31,"Version consolidée au 31 décembre 2005","code_de_l'éducation.md",6
"code_de_l'éducation",2005-11-08,"Version consolidée au 8 novembre 2005","code_de_l'éducation.md",74
"code_de_l'éducation",2005-11-05,"Version consolidée au 5 novembre 2005","code_de_l'éducation.md",4
"code_de_l'éducation",2005-09-01,"Version consolidée au 1er septembre 2005","code_de_l'éducation.md",18
"code_de_l'éducation",2005-08-25,"Version consolidée au 25 août 2005","code_de_l'éducation.md",4
"code_de_l'éducation",2005-08-23,"Version consolidée au 23 août 2005","code_de_l'éducation.md",42
"code_de_l'éducation",2005-07-27,"Version consolidée au 27 juillet 2005","code_de_l'éducation.md",2
"code_de_l'éducation",2005-07-01,"Version consolidée au 1er juillet 2005","code_de_l'éducation.md",16
"code_de_l'éducation",2005-06-01,"Version consolidée au 1er juin 2005","code_de_l'éducation.md",38
"code_de_l'éducation",2005-05-27,"Version consolidée au 27 mai 2005","code_de_l'éducation.md",4
"code_de_l'éducation",2005-05-14,"Version consolidée au 14 mai 2005","code_de_l'éducation.md",486
"code_de_l'éducation",2005-05-10,"Version consolidée au 10 mai 2005","code_de_l'éducation.md",2
"code_de_l'éducation",2005-05-03,"Version consolidée au 3 mai 2005","code_de_l'éducation.md",36
"code_de_l'éducation",2005-04-24,"Version consolidée au 24 avril 2005","code_de_l'éducation.md",652
"code_de_l'éducation",2005-04-23,"Version consolidée au 23 avril 2005","code_de_l'éducation.md",6
"code_de_l'éducation",2005-03-31,"Version consolidée au 31 mars 2005","code_de_l'éducation.md",24
"code_de_l'éducation",2005-02-26,"Version consolidée au 26 février 2005","code_de_l'éducation.md",57
"code_de_l'éducation",2005-02-24,"Version consolidée au 24 février 2005","code_de_l'éducation.md",52
"code_de_l'éducation",2005-02-12,"Version consolidée au 12 février 2005","code_de_l'éducation.md",99
"code_de_l'éducation",2005-01-19,"Version consolidée au 19 janvier 2005","code_de_l'éducation.md",38
"code_de_l'éducation",2005-01-01,"Version consolidée au 1er janvier 2005","code_de_l'éducation.md",348
"code_de_l'éducation",2004-12-10,"Version consolidée au 10 décembre 2004","code_de_l'éducation.md",2
"code_de_l'éducation",2004-11-05,"Version consolidée au 5 novembre 2004","code_de_l'éducation.md",2
"code_de_l'éducation",2004-11-04,"Version consolidée au 4 novembre 2004","code_de_l'éducation.md",4
"code_de_l'éducation",2004-09-01,"Version consolidée au 1er septembre 2004","code_de_l'éducation.md",56
"code_de_l'éducation",2004-08-17,"Version consolidée au 17 août 2004","code_de_l'éducation.md",14
"code_de_l'éducation",2004-08-11,"Version consolidée au 11 août 2004","code_de_l'éducation.md",46
"code_de_l'éducation",2004-07-17,"Version consolidée au 17 juillet 2004","code_de_l'éducation.md",4322
"code_de_l'éducation",2004-07-02,"Version consolidée au 2 juillet 2004","code_de_l'éducation.md",2
"code_de_l'éducation",2004-06-16,"Version consolidée au 16 juin 2004","code_de_l'éducation.md",2
"code_de_l'éducation",2004-05-05,"Version consolidée au 5 mai 2004","code_de_l'éducation.md",8
"code_de_l'éducation",2004-01-03,"Version consolidée au 3 janvier 2004","code_de_l'éducation.md",2
"code_de_l'éducation",2003-12-31,"Version consolidée au 31 décembre 2003","code_de_l'éducation.md",2
"code_de_l'éducation",2003-12-20,"Version consolidée au 20 décembre 2003","code_de_l'éducation.md",4
"code_de_l'éducation",2003-08-02,"Version consolidée au 2 août 2003","code_de_l'éducation.md",24
"code_de_l'éducation",2003-05-02,"Version consolidée au 2 mai 2003","code_de_l'éducation.md",36
"code_de_l'éducation",2003-04-15,"Version consolidée au 15 avril 2003","code_de_l'éducation.md",282
"code_de_l'éducation",2002-02-28,"Version consolidée au 28 février 2002","code_de_l'éducation.md",80
"code_de_l'éducation",2002-02-16,"Version consolidée au 16 février 2002","code_de_l'éducation.md",23
"code_de_l'éducation",2002-01-23,"Version consolidée au 23 janvier 2002","code_de_l'éducation.md",51
"code_de_l'éducation",2002-01-18,"Version consolidée au 18 janvier 2002","code_de_l'éducation.md",194
"code_de_l'éducation",2002-01-01,"Version consolidée au 1er janvier 2002","code_de_l'éducation.md",52
"code_de_l'éducation",2001-07-18,"Version consolidée au 18 juillet 2001","code_de_l'éducation.md",8
"code_de_l'éducation",2001-07-07,"Version consolidée au 7 juillet 2001","code_de_l'éducation.md",8
"code_de_l'éducation",2001-02-24,"Version consolidée au 24 février 2001","code_de_l'éducation.md",14
"code_de_l'éducation",2000-12-14,"Version consolidée au 14 décembre 2000","code_de_l'éducation.md",10
"code_de_l'éducation",2000-06-22,"Version consolidée au 22 juin 2000","code_de_l'éducation.md",6391
