Date,Type,Texte,Article,URL
2013-07-08,LOI,LOI n°2013-595 du 8 juillet 2013,art. 74,https://www.legifrance.gouv.fr/jorf/id/JORFTEXT000027677984
2019-07-26,LOI,LOI n°2019-791 du 26 juillet 2019,art. 54,https://www.legifrance.gouv.fr/jorf/id/JORFTEXT000038829065
2021-08-24,LOI,LOI n°2021-1109 du 24 août 2021,art. 100,https://www.legifrance.gouv.fr/jorf/id/JORFTEXT000043964778
2021-08-22,LOI,LOI n°2021-1104 du 22 août 2021,art. 5,https://www.legifrance.gouv.fr/jorf/id/JORFTEXT000043956924
2013-07-22,LOI,LOI n°2013-660 du 22 juillet 2013,art. 51,https://www.legifrance.gouv.fr/jorf/id/JORFTEXT000027735009
2018-09-05,LOI,LOI n°2018-771 du 5 septembre 2018,art. 34 (V),https://www.legifrance.gouv.fr/jorf/id/JORFTEXT000037367660
2008-12-11,ORDONNANCE,Ordonnance n°2008-1304 du 11 décembre 2008,art. 1,https://www.legifrance.gouv.fr/jorf/id/JORFTEXT000019907126
2021-05-19,ORDONNANCE,Ordonnance n°2021-611 du 19 mai 2021,art. 8,https://www.legifrance.gouv.fr/jorf/id/JORFTEXT000043511942
2010-02-08,LOI,LOI n°2010-121 du 8 février 2010,art. 3,https://www.legifrance.gouv.fr/jorf/id/JORFTEXT000021794951
2018-08-03,LOI,LOI n°2018-698 du 3 août 2018,art. 1,https://www.legifrance.gouv.fr/jorf/id/JORFTEXT000037284333
2018-08-03,LOI,LOI n°2018-703 du 3 août 2018,art. 12,https://www.legifrance.gouv.fr/jorf/id/JORFTEXT000037284450
2020-06-24,LOI,LOI n°2020-766 du 24 juin 2020,art. 19 (V),https://www.legifrance.gouv.fr/jorf/id/JORFTEXT000042031970
2016-01-26,LOI,LOI n°2016-41 du 26 janvier 2016,art. 5,https://www.legifrance.gouv.fr/jorf/id/JORFTEXT000031912641
2021-04-26,LOI,LOI n°2021-502 du 26 avril 2021,art. 2,https://www.legifrance.gouv.fr/jorf/id/JORFTEXT000043421566
2019-08-21,ORDONNANCE,Ordonnance n°2019-861 du 21 août 2019,art. 2,https://www.legifrance.gouv.fr/jorf/id/JORFTEXT000038940323
2021-12-22,ORDONNANCE,Ordonnance n°2021-1747 du 22 décembre 2021,art. 8,https://www.legifrance.gouv.fr/jorf/id/JORFTEXT000044547312
2020-12-24,LOI,LOI n°2020-1674 du 24 décembre 2020,art. 37 (V),https://www.legifrance.gouv.fr/jorf/id/JORFTEXT000042738027
2017-01-27,LOI,LOI n°2017-86 du 27 janvier 2017,art. 224 (VD),https://www.legifrance.gouv.fr/jorf/id/JORFTEXT000033934948
2012-01-05,DECRET,Décret n°2012-16 du 5 janvier 2012,art. 7 (VD),https://www.legifrance.gouv.fr/jorf/id/JORFTEXT000025105579
2018-09-10,LOI,LOI n°2018-778 du 10 septembre 2018,art. 61,https://www.legifrance.gouv.fr/jorf/id/JORFTEXT000037381808
2013-01-31,LOI,LOI n°2013-108 du 31 janvier 2013,art. unique.,https://www.legifrance.gouv.fr/jorf/id/JORFTEXT000027012750
2010-09-28,LOI,LOI n°2010-1127 du 28 septembre 2010,art. 1,https://www.legifrance.gouv.fr/jorf/id/JORFTEXT000022862522
2011-03-14,LOI,LOI n°2011-267 du 14 mars 2011,art. 46,https://www.legifrance.gouv.fr/jorf/id/JORFTEXT000023707312
2016-03-14,LOI,LOI n°2016-297 du 14 mars 2016,art. 5,https://www.legifrance.gouv.fr/jorf/id/JORFTEXT000032205234
2008-07-24,ORDONNANCE,Ordonnance n°2008-728 du 24 juillet 2008,art. 3,https://www.legifrance.gouv.fr/jorf/id/JORFTEXT000019243177
2014-06-26,ORDONNANCE,ORDONNANCE n°2014-693 du 26 juin 2014,art. 27,https://www.legifrance.gouv.fr/jorf/id/JORFTEXT000029139960
2021-05-05,ORDONNANCE,Ordonnance n°2021-552 du 5 mai 2021,art. 7,https://www.legifrance.gouv.fr/jorf/id/JORFTEXT000043477594
2004-03-15,LOI,Loi n°2004-228 du 15 mars 2004,art. 2 (M),https://www.legifrance.gouv.fr/jorf/id/JORFTEXT000000417977
2014-03-05,LOI,LOI n°2014-288 du 5 mars 2014,art. 6,https://www.legifrance.gouv.fr/jorf/id/JORFTEXT000028683576
2016-12-28,LOI,LOI n°2016-1888 du 28 décembre 2016,art. 93,https://www.legifrance.gouv.fr/jorf/id/JORFTEXT000033717812
2022-03-02,LOI,LOI n°2022-296 du 2 mars 2022,art. 11,https://www.legifrance.gouv.fr/jorf/id/JORFTEXT000045287568
2015-08-07,LOI,LOI n° 2015-991 du 7 août 2015,art. 90,https://www.legifrance.gouv.fr/jorf/id/JORFTEXT000030985460
2013-05-17,LOI,LOI n°2013-403 du 17 mai 2013,art. 1 (V),https://www.legifrance.gouv.fr/jorf/id/JORFTEXT000027414225
2007-12-25,LOI,LOI n°2007-1824 du 25 décembre 2007,art. 81,https://www.legifrance.gouv.fr/jorf/id/JORFTEXT000017839505
2010-06-10,ORDONNANCE,Ordonnance n°2010-638 du 10 juin 2010,art. 9,https://www.legifrance.gouv.fr/jorf/id/JORFTEXT000022330885
2010-10-28,ORDONNANCE,Ordonnance n° 2010-1307 du 28 octobre 2010,art. 5 (V),https://www.legifrance.gouv.fr/jorf/id/JORFTEXT000022990793
2009-11-24,LOI,LOI n°2009-1437 du 24 novembre 2009,art. 57,https://www.legifrance.gouv.fr/jorf/id/JORFTEXT000021312490
2013-07-22,LOI,LOI n°2013-659 du 22 juillet 2013,art. 57,https://www.legifrance.gouv.fr/jorf/id/JORFTEXT000027734839
2008-02-13,LOI,LOI n°2008-126 du 13 février 2008,art. 14,https://www.legifrance.gouv.fr/jorf/id/JORFTEXT000018117826
2010-07-23,LOI,LOI n°2010-853 du 23 juillet 2010,art. 8,https://www.legifrance.gouv.fr/jorf/id/JORFTEXT000022511227
2016-07-07,LOI,LOI n°2016-925 du 7 juillet 2016,art. 53,https://www.legifrance.gouv.fr/jorf/id/JORFTEXT000032854341
2016-11-10,ORDONNANCE,Ordonnance n°2016-1519 du 10 novembre 2016,art. 7,https://www.legifrance.gouv.fr/jorf/id/JORFTEXT000033367836
2008-08-04,LOI,LOI n°2008-776 du 4 août 2008,art. 139,https://www.legifrance.gouv.fr/jorf/id/JORFTEXT000019283050
2015-06-25,LOI,LOI n°2015-737 du 25 juin 2015,art. 1 (V),https://www.legifrance.gouv.fr/jorf/id/JORFTEXT000030784348
2009-05-12,LOI,LOI n°2009-526 du 12 mai 2009,art. 80,https://www.legifrance.gouv.fr/jorf/id/JORFTEXT000020604162
2007-12-24,LOI,LOI n°2007-1822 du 24 décembre 2007,art. 41 (V),https://www.legifrance.gouv.fr/jorf/id/JORFTEXT000017853368
2015-12-10,DECRET,Décret n°2015-1616 du 10 décembre 2015,art. 9,https://www.legifrance.gouv.fr/jorf/id/JORFTEXT000031593224
2010-06-28,LOI_ORGANIQUE,LOI organique n° 2010-704 du 28 juin 2010,art. 21 (V),https://www.legifrance.gouv.fr/jorf/id/JORFTEXT000022402454
2018-08-03,LOI,LOI n°2018-699 du 3 août 2018,art. 52,https://www.legifrance.gouv.fr/jorf/id/JORFTEXT000037284338
2019-08-06,LOI,LOI n°2019-828 du 6 août 2019,art. 11,https://www.legifrance.gouv.fr/jorf/id/JORFTEXT000038889182
2014-08-04,LOI,LOI n°2014-873 du 4 août 2014,art. 53,https://www.legifrance.gouv.fr/jorf/id/JORFTEXT000029330832
2014-06-26,ORDONNANCE,ORDONNANCE n°2014-691 du 26 juin 2014,art. 23 (VD),https://www.legifrance.gouv.fr/jorf/id/JORFTEXT000029139765
2007-12-21,ORDONNANCE,Ordonnance n°2007-1801 du 21 décembre 2007,art. 6,https://www.legifrance.gouv.fr/jorf/id/JORFTEXT000017733142
2014-12-19,ORDONNANCE,ORDONNANCE n°2014-1543 du 19 décembre 2014,art. 37,https://www.legifrance.gouv.fr/jorf/id/JORFTEXT000029925718
2017-02-28,LOI,LOI n°2017-256 du 28 février 2017,art. 57,https://www.legifrance.gouv.fr/jorf/id/JORFTEXT000034103762
2018-04-13,LOI,LOI n°2018-266 du 13 avril 2018,art. 3 (V),https://www.legifrance.gouv.fr/jorf/id/JORFTEXT000036798673
2010-07-27,LOI,LOI n°2010-874 du 27 juillet 2010,art. 9,https://www.legifrance.gouv.fr/jorf/id/JORFTEXT000022521587
2019-09-30,DECRET,Décret n°2019-1008 du 30 septembre 2019,art. 4,https://www.legifrance.gouv.fr/jorf/id/JORFTEXT000039160249
2021-07-01,LOI,LOI n°2021-875 du 1er juillet 2021,art. 9,https://www.legifrance.gouv.fr/jorf/id/JORFTEXT000043741543
2014-07-17,ORDONNANCE,ORDONNANCE n°2014-807 du 17 juillet 2014,art. 3,https://www.legifrance.gouv.fr/jorf/id/JORFTEXT000029256941
2010-12-07,LOI,LOI n°2010-1487 du 7 décembre 2010,art. 19,https://www.legifrance.gouv.fr/jorf/id/JORFTEXT000023174577
2014-06-26,ORDONNANCE,ORDONNANCE n°2014-692 du 26 juin 2014,art. 5,https://www.legifrance.gouv.fr/jorf/id/JORFTEXT000029145752
2015-01-14,ORDONNANCE,ORDONNANCE n°2015-25 du 14 janvier 2015,art. 2,https://www.legifrance.gouv.fr/jorf/id/JORFTEXT000030098110
2009-06-11,ORDONNANCE,Ordonnance n°2009-664 du 11 juin 2009,art. 3,https://www.legifrance.gouv.fr/jorf/id/JORFTEXT000020728509
2017-10-25,ORDONNANCE,Ordonnance n°2017-1491 du 25 octobre 2017,art. 16 (VD),https://www.legifrance.gouv.fr/jorf/id/JORFTEXT000035879962
2007-08-10,LOI,Loi n°2007-1199 du 10 août 2007,art. 42 (V),https://www.legifrance.gouv.fr/jorf/id/JORFTEXT000000824315
2008-07-24,ORDONNANCE,Ordonnance n°2008-727 du 24 juillet 2008,art. 4,https://www.legifrance.gouv.fr/jorf/id/JORFTEXT000019243132
2021-12-17,LOI,LOI n°2021-1678 du 17 décembre 2021,art. 4,https://www.legifrance.gouv.fr/jorf/id/JORFTEXT000044513764
2009-06-12,LOI,LOI n°2009-669 du 12 juin 2009,art. 16,https://www.legifrance.gouv.fr/jorf/id/JORFTEXT000020735432
2014-10-13,LOI,LOI n° 2014-1170 du 13 octobre 2014,art. 64 (V),https://www.legifrance.gouv.fr/jorf/id/JORFTEXT000029573022
2018-06-20,LOI,LOI n°2018-493 du 20 juin 2018,art. 17,https://www.legifrance.gouv.fr/jorf/id/JORFTEXT000037085952
2021-11-15,LOI,LOI n°2021-1485 du 15 novembre 2021,art. 3 (V),https://www.legifrance.gouv.fr/jorf/id/JORFTEXT000044327272
2023-06-09,LOI,LOI n°2023-451 du 9 juin 2023,art. 16,https://www.legifrance.gouv.fr/jorf/id/JORFTEXT000047663185
2015-08-06,LOI,LOI n°2015-990 du 6 août 2015,art. 28,https://www.legifrance.gouv.fr/jorf/id/JORFTEXT000030978561
2023-06-21,LOI,LOI n°2023-479 du 21 juin 2023,art. 2,https://www.legifrance.gouv.fr/jorf/id/JORFTEXT000047709059
2020-07-03,LOI,LOI n°2020-840 du 3 juillet 2020,art. 2,https://www.legifrance.gouv.fr/jorf/id/JORFTEXT000042079128
2022-02-21,LOI,LOI n°2022-217 du 21 février 2022,art. 190,https://www.legifrance.gouv.fr/jorf/id/JORFTEXT000045197395
2023-05-19,LOI,LOI n°2023-380 du 19 mai 2023,art. 4,https://www.legifrance.gouv.fr/jorf/id/JORFTEXT000047561974
2010-03-10,LOI,LOI n°2010-241 du 10 mars 2010,art. 9,https://www.legifrance.gouv.fr/jorf/id/JORFTEXT000021954325
2011-03-22,LOI,LOI n°2011-302 du 22 mars 2011,art. 15,https://www.legifrance.gouv.fr/jorf/id/JORFTEXT000023751262
2018-12-12,ORDONNANCE,Ordonnance n°2018-1125 du 12 décembre 2018,art. 7,https://www.legifrance.gouv.fr/jorf/id/JORFTEXT000037800506
2018-12-22,LOI,LOI n°2018-1202 du 22 décembre 2018,art. 20 (V),https://www.legifrance.gouv.fr/jorf/id/JORFTEXT000037847559
2021-07-01,LOI,LOI n°2021-874 du 1er juillet 2021,art. 4,https://www.legifrance.gouv.fr/jorf/id/JORFTEXT000043741537
2021-11-30,LOI,LOI n°2021-1539 du 30 novembre 2021,art. 25 (V),https://www.legifrance.gouv.fr/jorf/id/JORFTEXT000044387560
2022-03-02,LOI,LOI n°2022-299 du 2 mars 2022,art. 10,https://www.legifrance.gouv.fr/jorf/id/JORFTEXT000045287658
2016-04-13,LOI,LOI n°2016-444 du 13 avril 2016,art. 19,https://www.legifrance.gouv.fr/jorf/id/JORFTEXT000032396046
2016-02-11,LOI,LOI n° 2016-138 du 11 février 2016,art. 3,https://www.legifrance.gouv.fr/jorf/id/JORFTEXT000032036289
2018-10-30,LOI,LOI n°2018-938 du 30 octobre 2018,art. 90,https://www.legifrance.gouv.fr/jorf/id/JORFTEXT000037547946
2021-06-01,LOI,LOI n°2021-695 du 1er juin 2021,art. 2,https://www.legifrance.gouv.fr/jorf/id/JORFTEXT000043575111
2015-08-17,LOI,LOI n°2015-992 du 17 août 2015,art. 181,https://www.legifrance.gouv.fr/jorf/id/JORFTEXT000031044385
2020-02-10,LOI,LOI n°2020-105 du 10 février 2020,art. 24,https://www.legifrance.gouv.fr/jorf/id/JORFTEXT000041553759
2021-12-24,LOI,LOI n°2021-1774 du 24 décembre 2021,art. 7 (V),https://www.legifrance.gouv.fr/jorf/id/JORFTEXT000044559192
2012-02-01,LOI,LOI n°2012-158 du 1er février 2012,art. 12,https://www.legifrance.gouv.fr/jorf/id/JORFTEXT000025269948
2015-11-27,LOI,LOI n° 2015-1541 du 27 novembre 2015,art. 9,https://www.legifrance.gouv.fr/jorf/id/JORFTEXT000031535624
2017-03-01,LOI,LOI n°2017-261 du 1er mars 2017,art. 27,https://www.legifrance.gouv.fr/jorf/id/JORFTEXT000034111794
2011-07-28,LOI,LOI n°2011-893 du 28 juillet 2011,art. 18,https://www.legifrance.gouv.fr/jorf/id/JORFTEXT000024408887
2014-07-31,LOI,LOI n°2014-856 du 31 juillet 2014,art. 69,https://www.legifrance.gouv.fr/jorf/id/JORFTEXT000029313296
2015-03-31,LOI,LOI n°2015-366 du 31 mars 2015,art. 14,https://www.legifrance.gouv.fr/jorf/id/JORFTEXT000030423022
2016-08-08,LOI,LOI n°2016-1088 du 8 août 2016,art. 84 (V),https://www.legifrance.gouv.fr/jorf/id/JORFTEXT000032983213
2016-12-09,LOI,LOI n°2016-1691 du 9 décembre 2016,art. 131 (V),https://www.legifrance.gouv.fr/jorf/id/JORFTEXT000033558528
2022-12-21,LOI,LOI n°2022-1598 du 21 décembre 2022,art. 10,https://www.legifrance.gouv.fr/jorf/id/JORFTEXT000046771781
2018-03-29,LOI,LOI n°2018-217 du 29 mars 2018,art. 23,https://www.legifrance.gouv.fr/jorf/id/JORFTEXT000036755446
2009-12-10,ORDONNANCE,Ordonnance n°2009-1534 du 10 décembre 2009,art. 1,https://www.legifrance.gouv.fr/jorf/id/JORFTEXT000021447543
2009-08-03,LOI,LOI n°2009-972 du 3 août 2009,art. 44,https://www.legifrance.gouv.fr/jorf/id/JORFTEXT000020954520
2011-12-28,LOI,LOI n°2011-1977 du 28 décembre 2011,art. 128,https://www.legifrance.gouv.fr/jorf/id/JORFTEXT000025044460
2013-12-29,LOI,LOI n°2013-1278 du 29 décembre 2013,art. 124,https://www.legifrance.gouv.fr/jorf/id/JORFTEXT000028399511
2020-12-07,LOI,LOI n°2020-1525 du 7 décembre 2020,art. 98 (V),https://www.legifrance.gouv.fr/jorf/id/JORFTEXT000042619877
2008-05-30,ORDONNANCE,Ordonnance n°2008-507 du 30 mai 2008,art. 41,https://www.legifrance.gouv.fr/jorf/id/JORFTEXT000018885189
2011-05-17,LOI,LOI n°2011-525 du 17 mai 2011,art. 146,https://www.legifrance.gouv.fr/jorf/id/JORFTEXT000024021430
2016-12-22,ORDONNANCE,Ordonnance n°2016-1809 du 22 décembre 2016,art. 21,https://www.legifrance.gouv.fr/jorf/id/JORFTEXT000033670708
2021-12-21,LOI,LOI n°2021-1716 du 21 décembre 2021,art. 2 (V),https://www.legifrance.gouv.fr/jorf/id/JORFTEXT000044537507
2014-01-27,LOI,LOI n°2014-58 du 27 janvier 2014,art. 90,https://www.legifrance.gouv.fr/jorf/id/JORFTEXT000028526298
2015-02-16,LOI,LOI n°2015-177 du 16 février 2015,art. 15 (V),https://www.legifrance.gouv.fr/jorf/id/JORFTEXT000030248562
2020-01-29,ORDONNANCE,Ordonnance n° 2020-71 du 29 janvier 2020,art. 4,https://www.legifrance.gouv.fr/jorf/id/JORFTEXT000041506557
2021-05-21,LOI,LOI n°2021-641 du 21 mai 2021,art. 6,https://www.legifrance.gouv.fr/jorf/id/JORFTEXT000043524722
2009-10-28,LOI,LOI n°2009-1312 du 28 octobre 2009,art. 3,https://www.legifrance.gouv.fr/jorf/id/JORFTEXT000021208103
2014-12-20,LOI,LOI n°2014-1545 du 20 décembre 2014,art. 43 (V),https://www.legifrance.gouv.fr/jorf/id/JORFTEXT000029926655
2022-02-28,LOI,LOI n°2022-272 du 28 février 2022,art. 6,https://www.legifrance.gouv.fr/jorf/id/JORFTEXT000045268755
2018-12-28,LOI,LOI n°2018-1317 du 28 décembre 2018,art. 219,https://www.legifrance.gouv.fr/jorf/id/JORFTEXT000037882341
2015-01-14,ORDONNANCE,ORDONNANCE n°2015-24 du 14 janvier 2015,art. 11 (V),https://www.legifrance.gouv.fr/jorf/id/JORFTEXT000030097831
2009-05-14,ORDONNANCE,Ordonnance n°2009-537 du 14 mai 2009,art. 11,https://www.legifrance.gouv.fr/jorf/id/JORFTEXT000020612883
2007-12-19,LOI,LOI n° 2007-1786 du 19 décembre 2007,art. 93,https://www.legifrance.gouv.fr/jorf/id/JORFTEXT000017726554
2019-03-23,LOI,LOI n°2019-222 du 23 mars 2019,art. 96 (V),https://www.legifrance.gouv.fr/jorf/id/JORFTEXT000038261631
2021-12-23,LOI,LOI n°2021-1754 du 23 décembre 2021,art. 77,https://www.legifrance.gouv.fr/jorf/id/JORFTEXT000044553428
2010-02-23,ORDONNANCE,Ordonnance n°2010-177 du 23 février 2010,art. 8,https://www.legifrance.gouv.fr/jorf/id/JORFTEXT000021868310
2018-03-08,LOI,LOI n°2018-166 du 8 mars 2018,art. 15,https://www.legifrance.gouv.fr/jorf/id/JORFTEXT000036683777
2014-07-10,LOI,LOI n°2014-788 du 10 juillet 2014,art. 2,https://www.legifrance.gouv.fr/jorf/id/JORFTEXT000029223331
2016-10-07,LOI,LOI n°2016-1321 du 7 octobre 2016,art. 32,https://www.legifrance.gouv.fr/jorf/id/JORFTEXT000033202746
2022-01-24,LOI,LOI n°2022-52 du 24 janvier 2022,art. 12,https://www.legifrance.gouv.fr/jorf/id/JORFTEXT000045067923
2023-07-18,LOI,LOI n°2023-610 du 18 juillet 2023,art. 8 (V),https://www.legifrance.gouv.fr/jorf/id/JORFTEXT000047858021
2023-07-10,LOI,LOI n°2023-580 du 10 juillet 2023,art. 53,https://www.legifrance.gouv.fr/jorf/id/JORFTEXT000047805414
2019-07-24,LOI,LOI n°2019-774 du 24 juillet 2019,art. 2 (V),https://www.legifrance.gouv.fr/jorf/id/JORFTEXT000038821260
2016-12-23,LOI,LOI n°2016-1828 du 23 décembre 2016,art. 2,https://www.legifrance.gouv.fr/jorf/id/JORFTEXT000033680801
2019-12-27,LOI,LOI n° 2019-1461 du 27 décembre 2019,art. 108,https://www.legifrance.gouv.fr/jorf/id/JORFTEXT000039681877
2020-06-22,LOI,LOI n°2020-760 du 22 juin 2020,art. 15,https://www.legifrance.gouv.fr/jorf/id/JORFTEXT000042025624
2009-07-07,LOI,LOI n°2009-833 du 7 juillet 2009,art. 1 (V),https://www.legifrance.gouv.fr/jorf/id/JORFTEXT000020828203
2009-07-21,LOI,LOI n°2009-879 du 21 juillet 2009,art. 19,https://www.legifrance.gouv.fr/jorf/id/JORFTEXT000020879475
2022-12-23,LOI,LOI n°2022-1616 du 23 décembre 2022,art. 37 (V),https://www.legifrance.gouv.fr/jorf/id/JORFTEXT000046791754
2010-12-20,LOI,LOI n°2010-1594 du 20 décembre 2010,art. 55,https://www.legifrance.gouv.fr/jorf/id/JORFTEXT000023261006
2012-12-17,LOI,LOI n°2012-1404 du 17 décembre 2012,art. 47,https://www.legifrance.gouv.fr/jorf/id/JORFTEXT000026785322
2014-02-21,LOI,LOI n°2014-173 du 21 février 2014,art. 26,https://www.legifrance.gouv.fr/jorf/id/JORFTEXT000028636804
2017-01-19,ORDONNANCE,Ordonnance n°2017-50 du 19 janvier 2017,art. 13,https://www.legifrance.gouv.fr/jorf/id/JORFTEXT000033893429
2017-01-12,ORDONNANCE,Ordonnance n°2017-31 du 12 janvier 2017,art. 3,https://www.legifrance.gouv.fr/jorf/id/JORFTEXT000033860852
2010-01-13,ORDONNANCE,Ordonnance n°2010-49 du 13 janvier 2010,art. 5,https://www.legifrance.gouv.fr/jorf/id/JORFTEXT000021683301
2023-01-25,LOI,LOI n°2023-29 du 25 janvier 2023,art. 1 (V),https://www.legifrance.gouv.fr/jorf/id/JORFTEXT000047055162
2010-03-25,ORDONNANCE,Ordonnance n°2010-331 du 25 mars 2010,art. 39,https://www.legifrance.gouv.fr/jorf/id/JORFTEXT000022018594
2012-03-27,LOI,LOI n°2012-409 du 27 mars 2012,art. 9,https://www.legifrance.gouv.fr/jorf/id/JORFTEXT000025582235
2023-01-18,ORDONNANCE,Ordonnance n°2023-15 du 18 janvier 2023,art. 2,https://www.legifrance.gouv.fr/jorf/id/JORFTEXT000047007968
2017-12-30,LOI,LOI n°2017-1837 du 30 décembre 2017,art. 154 (V),https://www.legifrance.gouv.fr/jorf/id/JORFTEXT000036339197
2017-02-28,LOI,LOI n°2017-257 du 28 février 2017,art. 45,https://www.legifrance.gouv.fr/jorf/id/JORFTEXT000034103927
2010-07-05,LOI,LOI n°2010-751 du 5 juillet 2010,art. 35,https://www.legifrance.gouv.fr/jorf/id/JORFTEXT000022436528
2010-05-18,LOI,LOI n°2010-500 du 18 mai 2010,art. 3,https://www.legifrance.gouv.fr/jorf/id/JORFTEXT000022227311
2022-03-23,ORDONNANCE,Ordonnance n°2022-408 du 23 mars 2022,art. 15,https://www.legifrance.gouv.fr/jorf/id/JORFTEXT000045398055
2010-12-13,LOI,LOI n°2010-1536 du 13 décembre 2010,art. 2 (V),https://www.legifrance.gouv.fr/jorf/id/JORFTEXT000023229524
2010-06-03,LOI,LOI n°2010-597 du 3 juin 2010,art. 32 (V),https://www.legifrance.gouv.fr/jorf/id/JORFTEXT000022308227
2019-12-28,LOI,LOI n° 2019-1479 du 28 décembre 2019,art. 17,https://www.legifrance.gouv.fr/jorf/id/JORFTEXT000039683923
2010-07-09,LOI,LOI n°2010-769 du 9 juillet 2010,art. 20,https://www.legifrance.gouv.fr/jorf/id/JORFTEXT000022454032
2016-11-21,ORDONNANCE,Ordonnance n°2016-1562 du 21 novembre 2016,art. 10,https://www.legifrance.gouv.fr/jorf/id/JORFTEXT000033440998
2000-12-13,LOI,Loi n°2000-1207 du 13 décembre 2000,art. 32,https://www.legifrance.gouv.fr/jorf/id/JORFTEXT000000387814
2012-03-12,LOI,LOI n°2012-347 du 12 mars 2012,art. 74,https://www.legifrance.gouv.fr/jorf/id/JORFTEXT000025489865
2013-08-19,DECRET,Décret n°2013-756 du 19 août 2013,art. 11 (V),https://www.legifrance.gouv.fr/jorf/id/JORFTEXT000027854364
2009-12-08,LOI,LOI n°2009-1503 du 8 décembre 2009,art. 53,https://www.legifrance.gouv.fr/jorf/id/JORFTEXT000021451610
2018-12-22,LOI,LOI n°2018-1203 du 22 décembre 2018,art. 28 (V),https://www.legifrance.gouv.fr/jorf/id/JORFTEXT000037847585
2015-04-07,DECRET,DÉCRET n°2015-396 du 7 avril 2015,art. 1,https://www.legifrance.gouv.fr/jorf/id/JORFTEXT000030462085
2022-12-07,ORDONNANCE,Ordonnance n°2022-1521 du 7 décembre 2022,art. 7,https://www.legifrance.gouv.fr/jorf/id/JORFTEXT000046694513
2014-07-17,ORDONNANCE,ORDONNANCE n°2014-806 du 17 juillet 2014,art. 2,https://www.legifrance.gouv.fr/jorf/id/JORFTEXT000029256904
2021-06-02,ORDONNANCE,Ordonnance n°2021-702 du 2 juin 2021,art. 12,https://www.legifrance.gouv.fr/jorf/id/JORFTEXT000043590607
2022-12-30,LOI,LOI n°2022-1726 du 30 décembre 2022,art. 194,https://www.legifrance.gouv.fr/jorf/id/JORFTEXT000046845631
2016-10-11,DECRET,Décret n°2016-1354 du 11 octobre 2016,art. 2,https://www.legifrance.gouv.fr/jorf/id/JORFTEXT000033227242
2008-12-27,LOI,LOI n°2008-1425 du 27 décembre 2008,art. 165,https://www.legifrance.gouv.fr/jorf/id/JORFTEXT000019995721
2020-12-16,ORDONNANCE,Ordonnance n°2020-1733 du 16 décembre 2020,art. 7,https://www.legifrance.gouv.fr/jorf/id/JORFTEXT000042754770
2023-08-01,LOI,LOI n°2023-703 du 1er août 2023,art. 37,https://www.legifrance.gouv.fr/jorf/id/JORFTEXT000047914986
2016-04-14,LOI,LOI n°2016-457 du 14 avril 2016,art. 4,https://www.legifrance.gouv.fr/jorf/id/JORFTEXT000032401821
2015-08-17,LOI,LOI n°2015-994 du 17 août 2015,art. 18,https://www.legifrance.gouv.fr/jorf/id/JORFTEXT000031046061
2022-12-16,LOI,LOI n°2022-1574 du 16 décembre 2022,art. 1,https://www.legifrance.gouv.fr/jorf/id/JORFTEXT000046751169
2010-11-09,LOI,LOI n°2010-1330 du 9 novembre 2010,art. 38 (V),https://www.legifrance.gouv.fr/jorf/id/JORFTEXT000023022127
2021-11-24,ORDONNANCE,Ordonnance n°2021-1574 du 24 novembre 2021,art. 9,https://www.legifrance.gouv.fr/jorf/id/JORFTEXT000044411525
2008-02-08,LOI,LOI n°2008-112 du 8 février 2008,art. 2,https://www.legifrance.gouv.fr/jorf/id/JORFTEXT000018088910
2016-04-20,LOI,LOI n°2016-483 du 20 avril 2016,art. 10,https://www.legifrance.gouv.fr/jorf/id/JORFTEXT000032433852
2007-02-02,LOI,Loi n°2007-148 du 2 février 2007,art. 23 (V),https://www.legifrance.gouv.fr/jorf/id/JORFTEXT000000465739
2020-10-14,ORDONNANCE,Ordonnance n°2020-1256 du 14 octobre 2020,art. 50,https://www.legifrance.gouv.fr/jorf/id/JORFTEXT000042424239
2015-12-31,DECRET,Décret n°2015-1929 du 31 décembre 2015,art. 24,https://www.legifrance.gouv.fr/jorf/id/JORFTEXT000031742252
2021-12-30,DECRET,Décret n°2021-1907 du 30 décembre 2021,art. 9,https://www.legifrance.gouv.fr/jorf/id/JORFTEXT000044638867
2013-07-24,DECRET,Décret n°2013-682 du 24 juillet 2013,art. 2,https://www.legifrance.gouv.fr/jorf/id/JORFTEXT000027756778
2019-08-02,DECRET,Décret n°2019-824 du 2 août 2019,art. 4,https://www.legifrance.gouv.fr/jorf/id/JORFTEXT000038874626
2015-03-31,DECRET,DÉCRET n°2015-372 du 31 mars 2015,art. 3,https://www.legifrance.gouv.fr/jorf/id/JORFTEXT000030426718
2015-06-10,DECRET,DÉCRET n°2015-652 du 10 juin 2015,art. 11,https://www.legifrance.gouv.fr/jorf/id/JORFTEXT000030715134
2019-12-18,DECRET,Décret n°2019-1390 du 18 décembre 2019,art. 1,https://www.legifrance.gouv.fr/jorf/id/JORFTEXT000039638072
2021-12-30,DECRET,Décret n°2021-1910 du 30 décembre 2021,art. 8,https://www.legifrance.gouv.fr/jorf/id/JORFTEXT000044740106
2012-11-07,DECRET,Décret n°2012-1247 du 7 novembre 2012,art. 2 (V),https://www.legifrance.gouv.fr/jorf/id/JORFTEXT000026597385
2015-06-15,DECRET,DÉCRET n°2015-668 du 15 juin 2015,art. 4,https://www.legifrance.gouv.fr/jorf/id/JORFTEXT000030741381
2017-11-30,DECRET,Décret n°2017-1652 du 30 novembre 2017,art. 1,https://www.legifrance.gouv.fr/jorf/id/JORFTEXT000036128890
2021-09-03,DECRET,Décret n°2021-1154 du 3 septembre 2021,art. 1,https://www.legifrance.gouv.fr/jorf/id/JORFTEXT000044019478
2019-12-30,DECRET,Décret n°2019-1554 du 30 décembre 2019,art. 1,https://www.legifrance.gouv.fr/jorf/id/JORFTEXT000039700158
2022-02-15,DECRET,Décret n°2022-182 du 15 février 2022,art. 8,https://www.legifrance.gouv.fr/jorf/id/JORFTEXT000045174568
2018-05-29,DECRET,Décret n°2018-407 du 29 mai 2018,art. 11,https://www.legifrance.gouv.fr/jorf/id/JORFTEXT000036958488
2019-08-19,DECRET,Décret n°2019-838 du 19 août 2019,art. 7,https://www.legifrance.gouv.fr/jorf/id/JORFTEXT000038934496
2021-12-14,DECRET,Décret n°2021-1650 du 14 décembre 2021,art. 4,https://www.legifrance.gouv.fr/jorf/id/JORFTEXT000044500898
2008-02-14,DECRET,Décret n°2008-139 du 14 février 2008,art. 2,https://www.legifrance.gouv.fr/jorf/id/JORFTEXT000018122694
2013-10-18,DECRET,Décret n°2013-938 du 18 octobre 2013,art. 1 (VD),https://www.legifrance.gouv.fr/jorf/id/JORFTEXT000028091134
2014-11-18,DECRET,DÉCRET n°2014-1376 du 18 novembre 2014,art. 5,https://www.legifrance.gouv.fr/jorf/id/JORFTEXT000029779733
2010-04-29,DECRET,Décret n°2010-429 du 29 avril 2010,art. 6 (V),https://www.legifrance.gouv.fr/jorf/id/JORFTEXT000022150106
2022-06-02,DECRET,Décret n°2022-849 du 2 juin 2022,art. 1,https://www.legifrance.gouv.fr/jorf/id/JORFTEXT000045862457
2009-03-05,DECRET,Décret n°2009-259 du 5 mars 2009,art. 3,https://www.legifrance.gouv.fr/jorf/id/JORFTEXT000020352741
2016-10-28,DECRET,Décret n°2016-1452 du 28 octobre 2016,art. 1,https://www.legifrance.gouv.fr/jorf/id/JORFTEXT000033317329
2019-08-02,DECRET,Décret n°2019-823 du 2 août 2019,art. 6,https://www.legifrance.gouv.fr/jorf/id/JORFTEXT000038874595
2015-07-13,DECRET,DÉCRET n°2015-856 du 13 juillet 2015,art. 11 (V),https://www.legifrance.gouv.fr/jorf/id/JORFTEXT000030890003
2017-03-27,DECRET,Décret n°2017-410 du 27 mars 2017,art. 26,https://www.legifrance.gouv.fr/jorf/id/JORFTEXT000034298154
2019-08-30,DECRET,Décret n°2019-919 du 30 août 2019,art. 4,https://www.legifrance.gouv.fr/jorf/id/JORFTEXT000039005162
2019-08-02,DECRET,Décret n°2019-826 du 2 août 2019,art. 2,https://www.legifrance.gouv.fr/jorf/id/JORFTEXT000038874655
2015-12-28,DECRET,Décret n°2015-1783 du 28 décembre 2015,art. 9,https://www.legifrance.gouv.fr/jorf/id/JORFTEXT000031704629
2011-02-15,DECRET,Décret n°2011-184 du 15 février 2011,art. 55 (VT),https://www.legifrance.gouv.fr/jorf/id/JORFTEXT000023592572
2013-07-24,DECRET,Décret n°2013-683 du 24 juillet 2013,art. 2,https://www.legifrance.gouv.fr/jorf/id/JORFTEXT000027756802
2014-07-15,DECRET,DÉCRET n°2014-800 du 15 juillet 2014,art. 1,https://www.legifrance.gouv.fr/jorf/id/JORFTEXT000029254394
2015-12-14,DECRET,Décret n°2015-1668 du 14 décembre 2015,art. 1,https://www.legifrance.gouv.fr/jorf/id/JORFTEXT000031629526
2007-12-26,DECRET,Décret n°2007-1855 du 26 décembre 2007,art. 4,https://www.legifrance.gouv.fr/jorf/id/JORFTEXT000017762501
2009-06-23,DECRET,Décret n°2009-772 du 23 juin 2009,art. 9,https://www.legifrance.gouv.fr/jorf/id/JORFTEXT000020782213
2010-07-12,DECRET,Décret n°2010-795 du 12 juillet 2010,art. 9,https://www.legifrance.gouv.fr/jorf/id/JORFTEXT000022477233
2011-12-05,DECRET,Décret n°2011-1774 du 5 décembre 2011,art. 1 (V),https://www.legifrance.gouv.fr/jorf/id/JORFTEXT000024928004
2014-12-19,DECRET,DÉCRET n°2014-1548 du 19 décembre 2014,art. 1,https://www.legifrance.gouv.fr/jorf/id/JORFTEXT000029927145
2021-02-17,DECRET,Décret n°2021-183 du 17 février 2021,art. 1,https://www.legifrance.gouv.fr/jorf/id/JORFTEXT000043156170
2012-01-30,DECRET,Décret n°2012-124 du 30 janvier 2012,art. 2,https://www.legifrance.gouv.fr/jorf/id/JORFTEXT000025241210
2023-06-05,DECRET,Décret n°2023-442 du 5 juin 2023,art. 2,https://www.legifrance.gouv.fr/jorf/id/JORFTEXT000047641148
2016-11-17,DECRET,Décret n°2016-1550 du 17 novembre 2016,art. 7,https://www.legifrance.gouv.fr/jorf/id/JORFTEXT000033419103
2019-12-30,DECRET,Décret n°2019-1558 du 30 décembre 2019,art. 9,https://www.legifrance.gouv.fr/jorf/id/JORFTEXT000039700476
2016-02-01,DECRET,Décret n°2016-86 du 1er février 2016,art. 50,https://www.legifrance.gouv.fr/jorf/id/JORFTEXT000031963717
2010-11-11,DECRET,Décret n°2010-1356 du 11 novembre 2010,art. 25 (VT),https://www.legifrance.gouv.fr/jorf/id/JORFTEXT000023036503
2010-12-01,DECRET,Décret n°2010-1463 du 1er décembre 2010,art. 87 (V),https://www.legifrance.gouv.fr/jorf/id/JORFTEXT000023152806
2014-09-16,DECRET,DÉCRET n°2014-1055 du 16 septembre 2014,art. 5,https://www.legifrance.gouv.fr/jorf/id/JORFTEXT000029467235
2017-12-27,DECRET,Décret n°2017-1777 du 27 décembre 2017,art. 1 (V),https://www.legifrance.gouv.fr/jorf/id/JORFTEXT000036298765
2017-11-06,DECRET,Décret n°2017-1543 du 6 novembre 2017,art. 1,https://www.legifrance.gouv.fr/jorf/id/JORFTEXT000035986337
2019-11-20,DECRET,Décret n°2019-1200 du 20 novembre 2019,art. 9,https://www.legifrance.gouv.fr/jorf/id/JORFTEXT000039402704
2021-03-29,DECRET,Décret n°2021-350 du 29 mars 2021,art. 2,https://www.legifrance.gouv.fr/jorf/id/JORFTEXT000043306454
2016-12-08,DECRET,Décret n°2016-1689 du 8 décembre 2016,art. 2 (V),https://www.legifrance.gouv.fr/jorf/id/JORFTEXT000033553530
2019-10-15,DECRET,Décret n°2019-1056 du 15 octobre 2019,art. 3,https://www.legifrance.gouv.fr/jorf/id/JORFTEXT000039229577
2020-12-09,DECRET,Décret n°2020-1542 du 9 décembre 2020,art. 1,https://www.legifrance.gouv.fr/jorf/id/JORFTEXT000042635995
2010-07-29,DECRET,Décret n°2010-889 du 29 juillet 2010,art. 2,https://www.legifrance.gouv.fr/jorf/id/JORFTEXT000022594026
2015-12-10,DECRET,Décret n°2015-1617 du 10 décembre 2015,art. 1,https://www.legifrance.gouv.fr/jorf/id/JORFTEXT000031593313
2018-10-03,DECRET,Décret n°2018-838 du 3 octobre 2018,art. 1,https://www.legifrance.gouv.fr/jorf/id/JORFTEXT000037460572
2016-10-20,DECRET,Décret n°2016-1413 du 20 octobre 2016,art. 29,https://www.legifrance.gouv.fr/jorf/id/JORFTEXT000033283857
2013-06-05,DECRET,Décret n°2013-469 du 5 juin 2013,art. 6,https://www.legifrance.gouv.fr/jorf/id/JORFTEXT000027513507
2023-10-04,DECRET,Décret n°2023-917 du 4 octobre 2023,art. 1,https://www.legifrance.gouv.fr/jorf/id/JORFTEXT000048151698
2020-08-05,DECRET,Décret n°2020-986 du 5 août 2020,art. 3,https://www.legifrance.gouv.fr/jorf/id/JORFTEXT000042215863
2020-12-09,DECRET,Décret n°2020-1543 du 9 décembre 2020,art. 4,https://www.legifrance.gouv.fr/jorf/id/JORFTEXT000042636200
2022-10-21,DECRET,Décret n°2022-1347 du 21 octobre 2022,art. 1,https://www.legifrance.gouv.fr/jorf/id/JORFTEXT000046474124
2011-08-10,DECRET,Décret n°2011-958 du 10 août 2011,art. 41,https://www.legifrance.gouv.fr/jorf/id/JORFTEXT000024463419
2015-10-26,DECRET,DÉCRET n°2015-1355 du 26 octobre 2015,art. 1,https://www.legifrance.gouv.fr/jorf/id/JORFTEXT000031388724
2019-08-27,DECRET,Décret n°2019-890 du 27 août 2019,art. 1,https://www.legifrance.gouv.fr/jorf/id/JORFTEXT000038969123
2021-03-29,DECRET,Décret n°2021-351 du 29 mars 2021,art. 1,https://www.legifrance.gouv.fr/jorf/id/JORFTEXT000043306479
2019-08-27,DECRET,Décret n°2019-889 du 27 août 2019,art. 2,https://www.legifrance.gouv.fr/jorf/id/JORFTEXT000038969100
2017-04-24,DECRET,Décret n°2017-610 du 24 avril 2017,art. 14,https://www.legifrance.gouv.fr/jorf/id/JORFTEXT000034474813
2019-08-30,DECRET,Décret n°2019-918 du 30 août 2019,art. 12,https://www.legifrance.gouv.fr/jorf/id/JORFTEXT000039003793
2013-12-23,DECRET,Décret n°2013-1230 du 23 décembre 2013,art. 2,https://www.legifrance.gouv.fr/jorf/id/JORFTEXT000028396052
2009-07-29,DECRET,Décret n°2009-947 du 29 juillet 2009,art. 1,https://www.legifrance.gouv.fr/jorf/id/JORFTEXT000020934316
2016-11-10,DECRET,Décret n°2016-1522 du 10 novembre 2016,art. 2,https://www.legifrance.gouv.fr/jorf/id/JORFTEXT000033369624
2018-06-26,DECRET,Décret n°2018-526 du 26 juin 2018,art. 2,https://www.legifrance.gouv.fr/jorf/id/JORFTEXT000037111987
2023-07-13,DECRET,Décret n°2023-595 du 13 juillet 2023,art. 4,https://www.legifrance.gouv.fr/jorf/id/JORFTEXT000047826288
2020-12-21,DECRET,Décret n°2020-1632 du 21 décembre 2020,art. 1,https://www.legifrance.gouv.fr/jorf/id/JORFTEXT000042713256
2008-11-14,DECRET,Décret n°2008-1183 du 14 novembre 2008,art. 4,https://www.legifrance.gouv.fr/jorf/id/JORFTEXT000019762341
2014-11-28,DECRET,DÉCRET n°2014-1421 du 28 novembre 2014,art. 23,https://www.legifrance.gouv.fr/jorf/id/JORFTEXT000029813228
2008-08-25,DECRET,Décret n°2008-846 du 25 août 2008,art. 5,https://www.legifrance.gouv.fr/jorf/id/JORFTEXT000019378961
2013-05-10,DECRET,Décret n°2013-393 du 10 mai 2013,art. 2,https://www.legifrance.gouv.fr/jorf/id/JORFTEXT000027399842
2010-07-29,DECRET,Décret n°2010-886 du 29 juillet 2010,art. 6 (V),https://www.legifrance.gouv.fr/jorf/id/JORFTEXT000022593709
2018-12-26,DECRET,Décret n°2018-1262 du 26 décembre 2018,art. 1 (V),https://www.legifrance.gouv.fr/jorf/id/JORFTEXT000037865210
2008-04-02,DECRET,Décret n°2008-308 du 2 avril 2008,art. 61,https://www.legifrance.gouv.fr/jorf/id/JORFTEXT000018565006
2019-10-30,DECRET,Décret n°2019-1108 du 30 octobre 2019,art. 9,https://www.legifrance.gouv.fr/jorf/id/JORFTEXT000039296813
2020-06-26,DECRET,Décret n°2020-785 du 26 juin 2020,art. 14,https://www.legifrance.gouv.fr/jorf/id/JORFTEXT000042044408
2023-09-05,DECRET,Décret n°2023-856 du 5 septembre 2023,art. 43,https://www.legifrance.gouv.fr/jorf/id/JORFTEXT000048046061
2015-01-28,DECRET,DÉCRET n°2015-79 du 28 janvier 2015,art. 34,https://www.legifrance.gouv.fr/jorf/id/JORFTEXT000030160460
2010-02-11,DECRET,Décret n°2010-130 du 11 février 2010,art. 6 (V),https://www.legifrance.gouv.fr/jorf/id/JORFTEXT000021817062
2020-12-09,DECRET,Décret n°2020-1555 du 9 décembre 2020,art. 9,https://www.legifrance.gouv.fr/jorf/id/JORFTEXT000042637021
2017-12-29,DECRET,Décret n°2017-1881 du 29 décembre 2017,art. 7,https://www.legifrance.gouv.fr/jorf/id/JORFTEXT000036342009
2019-12-30,DECRET,Décret n°2019-1553 du 30 décembre 2019,art. 1,https://www.legifrance.gouv.fr/jorf/id/JORFTEXT000039699983
2008-09-29,DECRET,Décret n°2008-1010 du 29 septembre 2008,art. 7,https://www.legifrance.gouv.fr/jorf/id/JORFTEXT000019552744
2014-08-22,DECRET,DÉCRET n°2014-965 du 22 août 2014,art. 3,https://www.legifrance.gouv.fr/jorf/id/JORFTEXT000029405763
2020-12-03,DECRET,Décret n°2020-1520 du 3 décembre 2020,art. 4,https://www.legifrance.gouv.fr/jorf/id/JORFTEXT000042613180
2017-05-04,DECRET,Décret n°2017-778 du 4 mai 2017,art. 1,https://www.legifrance.gouv.fr/jorf/id/JORFTEXT000034599405
2008-12-19,DECRET,Décret n°2008-1400 du 19 décembre 2008,art. 1,https://www.legifrance.gouv.fr/jorf/id/JORFTEXT000019992079
2007-12-06,DECRET,Décret n°2007-1722 du 6 décembre 2007,art. 2,https://www.legifrance.gouv.fr/jorf/id/JORFTEXT000017576661
2009-05-15,DECRET,Décret n°2009-553 du 15 mai 2009,art. 6,https://www.legifrance.gouv.fr/jorf/id/JORFTEXT000020641400
2020-12-23,DECRET,Décret n°2020-1676 du 23 décembre 2020,art. 2,https://www.legifrance.gouv.fr/jorf/id/JORFTEXT000042738291
2017-05-06,DECRET,Décret n°2017-908 du 6 mai 2017,art. 22,https://www.legifrance.gouv.fr/jorf/id/JORFTEXT000034637625
2018-12-21,DECRET,Décret n°2018-1210 du 21 décembre 2018,art. 2,https://www.legifrance.gouv.fr/jorf/id/JORFTEXT000037848315
2019-10-17,DECRET,Décret n°2019-1058 du 17 octobre 2019,art. 1,https://www.legifrance.gouv.fr/jorf/id/JORFTEXT000039234082
2008-12-18,DECRET,Décret n°2008-1363 du 18 décembre 2008,art. 1,https://www.legifrance.gouv.fr/jorf/id/JORFTEXT000019961403
2016-11-23,DECRET,Décret n°2016-1574 du 23 novembre 2016,art. 2,https://www.legifrance.gouv.fr/jorf/id/JORFTEXT000033471622
2013-08-27,DECRET,Décret n°2013-781 du 27 août 2013,art. 1,https://www.legifrance.gouv.fr/jorf/id/JORFTEXT000027905207
2021-05-19,DECRET,Décret n°2021-629 du 19 mai 2021,art. 4,https://www.legifrance.gouv.fr/jorf/id/JORFTEXT000043519165
2019-11-06,DECRET,Décret n°2019-1145 du 6 novembre 2019,art. 1,https://www.legifrance.gouv.fr/jorf/id/JORFTEXT000039349775
2010-12-31,DECRET,Décret n°2010-1780 du 31 décembre 2010,art. 2,https://www.legifrance.gouv.fr/jorf/id/JORFTEXT000023336836
2013-08-28,DECRET,Décret n°2013-783 du 28 août 2013,art. 6,https://www.legifrance.gouv.fr/jorf/id/JORFTEXT000027910020
2017-05-10,DECRET,Décret n°2017-1045 du 10 mai 2017,art. 3,https://www.legifrance.gouv.fr/jorf/id/JORFTEXT000034679186
2020-12-23,DECRET,Décret n°2020-1677 du 23 décembre 2020,art. 1,https://www.legifrance.gouv.fr/jorf/id/JORFTEXT000042738446
2020-11-03,DECRET,Décret n°2020-1341 du 3 novembre 2020,art. 9,https://www.legifrance.gouv.fr/jorf/id/JORFTEXT000042494763
2010-07-12,LOI,LOI n° 2010-788 du 12 juillet 2010,art. 250 (V),https://www.legifrance.gouv.fr/jorf/id/JORFTEXT000022470434
2022-04-12,DECRET,Décret n°2022-540 du 12 avril 2022,art. 3,https://www.legifrance.gouv.fr/jorf/id/JORFTEXT000045570660
2022-02-28,DECRET,Décret n°2022-276 du 28 février 2022,art. 1,https://www.legifrance.gouv.fr/jorf/id/JORFTEXT000045269083
2019-03-21,DECRET,Décret n°2019-218 du 21 mars 2019,art. 13,https://www.legifrance.gouv.fr/jorf/id/JORFTEXT000038261001
2013-05-23,DECRET,Décret n°2013-420 du 23 mai 2013,art. 4 (V),https://www.legifrance.gouv.fr/jorf/id/JORFTEXT000027440257
2011-11-14,DECRET,Décret n°2011-1503 du 14 novembre 2011,art. 13,https://www.legifrance.gouv.fr/jorf/id/JORFTEXT000024796016
2014-05-22,DECRET,Décret n°2014-524 du 22 mai 2014,art. 23,https://www.legifrance.gouv.fr/jorf/id/JORFTEXT000028969674
2023-07-13,DECRET,Décret n°2023-596 du 13 juillet 2023,art. 12,https://www.legifrance.gouv.fr/jorf/id/JORFTEXT000047826336
2009-12-14,DECRET,Décret n°2009-1549 du 14 décembre 2009,art. 6 (Ab),https://www.legifrance.gouv.fr/jorf/id/JORFTEXT000021480709
2010-01-25,DECRET,Décret n°2010-95 du 25 janvier 2010,art. 6 (V),https://www.legifrance.gouv.fr/jorf/id/JORFTEXT000021741166
2015-05-15,DECRET,DÉCRET n°2015-536 du 15 mai 2015,art. 3,https://www.legifrance.gouv.fr/jorf/id/JORFTEXT000030595020
2019-01-30,DECRET,Décret n°2019-56 du 30 janvier 2019,art. 4,https://www.legifrance.gouv.fr/jorf/id/JORFTEXT000038074192
2022-04-20,ORDONNANCE,Ordonnance n°2022-583 du 20 avril 2022,art. 1 (V),https://www.legifrance.gouv.fr/jorf/id/JORFTEXT000045614880
2019-03-27,DECRET,Décret n°2019-254 du 27 mars 2019,art. 4,https://www.legifrance.gouv.fr/jorf/id/JORFTEXT000038316850
2016-12-30,DECRET,Décret n°2016-1982 du 30 décembre 2016,art. 1,https://www.legifrance.gouv.fr/jorf/id/JORFTEXT000033748575
2019-07-26,DECRET,Décret n°2019-798 du 26 juillet 2019,art. 20,https://www.legifrance.gouv.fr/jorf/id/JORFTEXT000038830860
2016-11-15,DECRET,Décret n°2016-1539 du 15 novembre 2016,art. 6 (VD),https://www.legifrance.gouv.fr/jorf/id/JORFTEXT000033394500
2020-07-31,DECRET,Décret n°2020-956 du 31 juillet 2020,art. 2,https://www.legifrance.gouv.fr/jorf/id/JORFTEXT000042184989
2019-12-18,DECRET,Décret n°2019-1403 du 18 décembre 2019,art. 3,https://www.legifrance.gouv.fr/jorf/id/JORFTEXT000039645601
2021-08-06,DECRET,Décret n°2021-1054 du 6 août 2021,art. 20,https://www.legifrance.gouv.fr/jorf/id/JORFTEXT000043914890
2023-01-18,DECRET,Décret n°2023-17 du 18 janvier 2023,art. 1,https://www.legifrance.gouv.fr/jorf/id/JORFTEXT000047011658
2020-10-16,DECRET,Décret n°2020-1263 du 16 octobre 2020,art. 2,https://www.legifrance.gouv.fr/jorf/id/JORFTEXT000042434314
2014-12-26,DECRET,DÉCRET n°2014-1631 du 26 décembre 2014,art. 20,https://www.legifrance.gouv.fr/jorf/id/JORFTEXT000029965540
2019-08-30,DECRET,Décret n°2019-920 du 30 août 2019,art. 3,https://www.legifrance.gouv.fr/jorf/id/JORFTEXT000039005260
2022-02-18,DECRET,Décret n°2022-205 du 18 février 2022,art. 1,https://www.legifrance.gouv.fr/jorf/id/JORFTEXT000045190484
2008-03-14,DECRET,Décret n°2008-263 du 14 mars 2008,art. 4,https://www.legifrance.gouv.fr/jorf/id/JORFTEXT000018359948
2010-12-28,DECRET,Décret n°2010-1650 du 28 décembre 2010,art. 2,https://www.legifrance.gouv.fr/jorf/id/JORFTEXT000023311557
2014-11-18,DECRET,DÉCRET n°2014-1377 du 18 novembre 2014,art. 57,https://www.legifrance.gouv.fr/jorf/id/JORFTEXT000029779752
2018-02-20,DECRET,Décret n°2018-119 du 20 février 2018,art. 5,https://www.legifrance.gouv.fr/jorf/id/JORFTEXT000036625089
2014-10-22,DECRET,DÉCRET n°2014-1231 du 22 octobre 2014,art. 9,https://www.legifrance.gouv.fr/jorf/id/JORFTEXT000029623527
2023-08-16,DECRET,Décret n°2023-783 du 16 août 2023,art. 6,https://www.legifrance.gouv.fr/jorf/id/JORFTEXT000047974012
2019-06-24,DECRET,Décret n°2019-636 du 24 juin 2019,art. 1,https://www.legifrance.gouv.fr/jorf/id/JORFTEXT000038682944
2014-11-27,DECRET,DÉCRET n°2014-1420 du 27 novembre 2014,art. 1,https://www.legifrance.gouv.fr/jorf/id/JORFTEXT000029813186
2015-04-17,DECRET,DÉCRET n°2015-443 du 17 avril 2015,art. 3,https://www.legifrance.gouv.fr/jorf/id/JORFTEXT000030491505
2021-07-19,DECRET,Décret n°2021-954 du 19 juillet 2021,art. 10,https://www.legifrance.gouv.fr/jorf/id/JORFTEXT000043806008
2010-01-27,DECRET,Décret n°2010-100 du 27 janvier 2010,art. 21,https://www.legifrance.gouv.fr/jorf/id/JORFTEXT000021751604
2009-02-10,DECRET,Décret n°2009-148 du 10 février 2009,art. 11,https://www.legifrance.gouv.fr/jorf/id/JORFTEXT000020237827
2019-04-25,DECRET,Décret n°2019-370 du 25 avril 2019,art. 4,https://www.legifrance.gouv.fr/jorf/id/JORFTEXT000038423718
2018-02-20,DECRET,Décret n°2018-120 du 20 février 2018,art. 6,https://www.legifrance.gouv.fr/jorf/id/JORFTEXT000036625115
2015-10-26,DECRET,DÉCRET n°2015-1351 du 26 octobre 2015,art. 4,https://www.legifrance.gouv.fr/jorf/id/JORFTEXT000031386414
2018-03-09,DECRET,Décret n°2018-172 du 9 mars 2018,art. 7,https://www.legifrance.gouv.fr/jorf/id/JORFTEXT000036692487
2015-05-19,DECRET,DÉCRET n°2015-544 du 19 mai 2015,art. 2,https://www.legifrance.gouv.fr/jorf/id/JORFTEXT000030613326
2012-02-15,DECRET,Décret n°2012-222 du 15 février 2012,art. 1,https://www.legifrance.gouv.fr/jorf/id/JORFTEXT000025372252
2012-12-04,DECRET,Décret n°2012-1351 du 4 décembre 2012,art. 7,https://www.legifrance.gouv.fr/jorf/id/JORFTEXT000026728533
2014-01-14,DECRET,Décret n°2014-29 du 14 janvier 2014,art. 1,https://www.legifrance.gouv.fr/jorf/id/JORFTEXT000028464840
2008-02-11,DECRET,Décret n°2008-124 du 11 février 2008,art. 1,https://www.legifrance.gouv.fr/jorf/id/JORFTEXT000018111304
2010-07-08,DECRET,Décret n°2010-784 du 8 juillet 2010,art. 4,https://www.legifrance.gouv.fr/jorf/id/JORFTEXT000022455372
2012-03-21,DECRET,Décret n°2012-391 du 21 mars 2012,art. 1,https://www.legifrance.gouv.fr/jorf/id/JORFTEXT000025554430
2020-10-20,DECRET,Décret n°2020-1277 du 20 octobre 2020,art. 13,https://www.legifrance.gouv.fr/jorf/id/JORFTEXT000042452152
2018-07-16,DECRET,Décret n°2018-614 du 16 juillet 2018,art. 33,https://www.legifrance.gouv.fr/jorf/id/JORFTEXT000037202561
2021-07-27,DECRET,Décret n°2021-983 du 27 juillet 2021,art. 21 (V),https://www.legifrance.gouv.fr/jorf/id/JORFTEXT000043861382
2022-02-08,DECRET,Décret n°2022-143 du 8 février 2022,art. 9,https://www.legifrance.gouv.fr/jorf/id/JORFTEXT000045141184
2020-07-29,DECRET,Décret n°2020-923 du 29 juillet 2020,art. 2,https://www.legifrance.gouv.fr/jorf/id/JORFTEXT000042169593
2012-02-15,DECRET,Décret n°2012-223 du 15 février 2012,art. 1,https://www.legifrance.gouv.fr/jorf/id/JORFTEXT000025372264
2015-03-25,DECRET,DÉCRET n°2015-335 du 25 mars 2015,art. 4,https://www.legifrance.gouv.fr/jorf/id/JORFTEXT000030401158
2009-04-03,DECRET,Décret n°2009-380 du 3 avril 2009,art. 1,https://www.legifrance.gouv.fr/jorf/id/JORFTEXT000020481358
2015-08-26,DECRET,DÉCRET n°2015-1066 du 26 août 2015,art. 13,https://www.legifrance.gouv.fr/jorf/id/JORFTEXT000031107652
2019-10-25,DECRET,Décret n°2019-1090 du 25 octobre 2019,art. 3,https://www.legifrance.gouv.fr/jorf/id/JORFTEXT000039281800
2010-06-02,DECRET,Décret n°2010-592 du 2 juin 2010,art. 4,https://www.legifrance.gouv.fr/jorf/id/JORFTEXT000022298724
2018-12-20,DECRET,Décret n°2018-1199 du 20 décembre 2018,art. 3,https://www.legifrance.gouv.fr/jorf/id/JORFTEXT000037846127
2022-08-04,DECRET,Décret n°2022-1129 du 4 août 2022,art. 4,https://www.legifrance.gouv.fr/jorf/id/JORFTEXT000046150668
2021-02-01,DECRET,Décret n°2021-100 du 1er février 2021,art. 2,https://www.legifrance.gouv.fr/jorf/id/JORFTEXT000043087562
2008-10-01,DECRET,Décret n°2008-1012 du 1er octobre 2008,art. 4,https://www.legifrance.gouv.fr/jorf/id/JORFTEXT000019563771
2020-11-04,DECRET,Décret n°2020-1348 du 4 novembre 2020,art. 4,https://www.legifrance.gouv.fr/jorf/id/JORFTEXT000042500045
2016-01-27,DECRET,Décret n°2016-48 du 27 janvier 2016,art. 3,https://www.legifrance.gouv.fr/jorf/id/JORFTEXT000031933261
2023-08-10,DECRET,Décret n°2023-763 du 10 août 2023,art. 3,https://www.legifrance.gouv.fr/jorf/id/JORFTEXT000047963915
2019-10-31,DECRET,Décret n°2019-1119 du 31 octobre 2019,art. 2,https://www.legifrance.gouv.fr/jorf/id/JORFTEXT000039305888
2017-07-04,DECRET,Décret n°2017-1135 du 4 juillet 2017,art. 5,https://www.legifrance.gouv.fr/jorf/id/JORFTEXT000035104177
2011-09-16,DECRET,Décret n°2011-1111 du 16 septembre 2011,art. 7,https://www.legifrance.gouv.fr/jorf/id/JORFTEXT000024565306
2016-10-12,DECRET,Décret n°2016-1376 du 12 octobre 2016,art. 3,https://www.legifrance.gouv.fr/jorf/id/JORFTEXT000033242038
2014-09-29,DECRET,DÉCRET n°2014-1100 du 29 septembre 2014,art. 1,https://www.legifrance.gouv.fr/jorf/id/JORFTEXT000029524913
2019-09-16,DECRET,Décret n°2019-962 du 16 septembre 2019,art. 3,https://www.legifrance.gouv.fr/jorf/id/JORFTEXT000039106254
2021-06-30,DECRET,Décret n°2021-872 du 30 juin 2021,art. 7,https://www.legifrance.gouv.fr/jorf/id/JORFTEXT000043808633
2010-05-27,DECRET,Décret n°2010-565 du 27 mai 2010,art. 1,https://www.legifrance.gouv.fr/jorf/id/JORFTEXT000022275677
2011-09-29,DECRET,Décret n°2011-1218 du 29 septembre 2011,art. 1,https://www.legifrance.gouv.fr/jorf/id/JORFTEXT000024614043
2015-03-11,DECRET,DÉCRET n°2015-270 du 11 mars 2015,art. 3,https://www.legifrance.gouv.fr/jorf/id/JORFTEXT000030345452
2019-07-19,DECRET,Décret n°2019-750 du 19 juillet 2019,art. 3,https://www.legifrance.gouv.fr/jorf/id/JORFTEXT000038793434
2022-03-22,DECRET,Décret n°2022-412 du 22 mars 2022,art. 3,https://www.legifrance.gouv.fr/jorf/id/JORFTEXT000045398263
2011-09-26,DECRET,Décret n°2011-1196 du 26 septembre 2011,art. 1,https://www.legifrance.gouv.fr/jorf/id/JORFTEXT000024600570
2014-03-10,DECRET,Décret n°2014-314 du 10 mars 2014,art. 11,https://www.legifrance.gouv.fr/jorf/id/JORFTEXT000028711121
2011-09-26,DECRET,Décret n°2011-1195 du 26 septembre 2011,art. 1,https://www.legifrance.gouv.fr/jorf/id/JORFTEXT000024600561
2011-09-26,DECRET,Décret n°2011-1194 du 26 septembre 2011,art. 2,https://www.legifrance.gouv.fr/jorf/id/JORFTEXT000024600550
2009-02-10,DECRET,Décret n°2009-147 du 10 février 2009,art. 6,https://www.legifrance.gouv.fr/jorf/id/JORFTEXT000020237805
2016-06-10,DECRET,Décret n°2016-772 du 10 juin 2016,art. 2 (V),https://www.legifrance.gouv.fr/jorf/id/JORFTEXT000032676985
2019-06-25,DECRET,Décret n°2019-640 du 25 juin 2019,art. 14,https://www.legifrance.gouv.fr/jorf/id/JORFTEXT000038683061
2017-05-10,DECRET,Décret n°2017-961 du 10 mai 2017,art. 4 (V),https://www.legifrance.gouv.fr/jorf/id/JORFTEXT000034675695
2019-08-30,DECRET,Décret n°2019-907 du 30 août 2019,art. 16,https://www.legifrance.gouv.fr/jorf/id/JORFTEXT000039001724
2020-06-12,DECRET,Décret n°2020-726 du 12 juin 2020,art. 22,https://www.legifrance.gouv.fr/jorf/id/JORFTEXT000041996366
2020-05-22,DECRET,Décret n°2020-624 du 22 mai 2020,art. 6,https://www.legifrance.gouv.fr/jorf/id/JORFTEXT000041909263
2021-07-15,DECRET,Décret n°2021-940 du 15 juillet 2021,art. 9,https://www.legifrance.gouv.fr/jorf/id/JORFTEXT000043798225
2012-02-08,DECRET,Décret n°2012-197 du 8 février 2012,art. 2,https://www.legifrance.gouv.fr/jorf/id/JORFTEXT000025348188
2021-01-25,DECRET,Décret n°2021-64 du 25 janvier 2021,art. 5,https://www.legifrance.gouv.fr/jorf/id/JORFTEXT000043053758
2017-05-10,DECRET,Décret n°2017-960 du 10 mai 2017,art. 10,https://www.legifrance.gouv.fr/jorf/id/JORFTEXT000034675570
2019-04-29,DECRET,Décret n°2019-391 du 29 avril 2019,art. 9,https://www.legifrance.gouv.fr/jorf/id/JORFTEXT000038431382
2009-02-10,DECRET,Décret n°2009-146 du 10 février 2009,art. 12,https://www.legifrance.gouv.fr/jorf/id/JORFTEXT000020237768
2016-06-10,DECRET,Décret n°2016-771 du 10 juin 2016,art. 4,https://www.legifrance.gouv.fr/jorf/id/JORFTEXT000032676900
2009-02-10,DECRET,Décret n°2009-145 du 10 février 2009,art. 22,https://www.legifrance.gouv.fr/jorf/id/JORFTEXT000020237680
2014-06-27,DECRET,DÉCRET n°2014-725 du 27 juin 2014,art. 4,https://www.legifrance.gouv.fr/jorf/id/JORFTEXT000029147756
2015-07-09,DECRET,DÉCRET n°2015-846 du 9 juillet 2015,art. 5,https://www.legifrance.gouv.fr/jorf/id/JORFTEXT000030865226
2016-06-10,DECRET,Décret n°2016-782 du 10 juin 2016,art. 2,https://www.legifrance.gouv.fr/jorf/id/JORFTEXT000032677937
2021-11-25,DECRET,Décret n°2021-1524 du 25 novembre 2021,art. 6,https://www.legifrance.gouv.fr/jorf/id/JORFTEXT000044376526
2017-05-05,DECRET,Décret n°2017-790 du 5 mai 2017,art. 22,https://www.legifrance.gouv.fr/jorf/id/JORFTEXT000034601538
2012-11-20,DECRET,Décret n°2012-1272 du 20 novembre 2012,art. 2,https://www.legifrance.gouv.fr/jorf/id/JORFTEXT000026660360
2011-08-26,DECRET,Décret n°2011-1029 du 26 août 2011,art. 1,https://www.legifrance.gouv.fr/jorf/id/JORFTEXT000024508619
2017-05-05,DECRET,Décret n°2017-793 du 5 mai 2017,art. 1,https://www.legifrance.gouv.fr/jorf/id/JORFTEXT000034601685
2018-04-13,DECRET,Décret n°2018-272 du 13 avril 2018,art. 3,https://www.legifrance.gouv.fr/jorf/id/JORFTEXT000036800581
2021-04-30,DECRET,Décret n°2021-533 du 30 avril 2021,art. 5,https://www.legifrance.gouv.fr/jorf/id/JORFTEXT000043466367
2023-08-25,DECRET,Décret n°2023-824 du 25 août 2023,art. 3,https://www.legifrance.gouv.fr/jorf/id/JORFTEXT000047998955
2012-04-24,DECRET,Décret n°2012-566 du 24 avril 2012,art. 1,https://www.legifrance.gouv.fr/jorf/id/JORFTEXT000025747346
2013-08-26,DECRET,Décret n°2013-769 du 26 août 2013,art. 2,https://www.legifrance.gouv.fr/jorf/id/JORFTEXT000027899599
2019-03-07,DECRET,Décret n°2019-176 du 7 mars 2019,art. 2,https://www.legifrance.gouv.fr/jorf/id/JORFTEXT000038215063
2016-07-11,DECRET,Décret n°2016-954 du 11 juillet 2016,art. 1,https://www.legifrance.gouv.fr/jorf/id/JORFTEXT000032887451
2010-01-18,DECRET,Décret n°2010-59 du 18 janvier 2010,art. 1,https://www.legifrance.gouv.fr/jorf/id/JORFTEXT000021709309
2009-09-22,DECRET,Décret n°2009-1145 du 22 septembre 2009,art. 12,https://www.legifrance.gouv.fr/jorf/id/JORFTEXT000021065017
2017-01-26,DECRET,Décret n°2017-87 du 26 janvier 2017,art. 10,https://www.legifrance.gouv.fr/jorf/id/JORFTEXT000033935449
2020-12-04,DECRET,Décret n°2020-1523 du 4 décembre 2020,art. 3,https://www.legifrance.gouv.fr/jorf/id/JORFTEXT000042614315
2022-02-11,DECRET,Décret n°2022-166 du 11 février 2022,art. 7,https://www.legifrance.gouv.fr/jorf/id/JORFTEXT000045160713
2009-02-24,DECRET,Décret n°2009-224 du 24 février 2009,art. 1,https://www.legifrance.gouv.fr/jorf/id/JORFTEXT000020310129
2011-02-17,DECRET,Décret n°2011-191 du 17 février 2011,art. 3,https://www.legifrance.gouv.fr/jorf/id/JORFTEXT000023603167
2015-06-24,DECRET,DÉCRET n°2015-723 du 24 juin 2015,art. 44,https://www.legifrance.gouv.fr/jorf/id/JORFTEXT000030780124
2010-04-09,DECRET,Décret n°2010-366 du 9 avril 2010,art. 2,https://www.legifrance.gouv.fr/jorf/id/JORFTEXT000022082257
2009-04-02,DECRET,Décret n°2009-378 du 2 avril 2009,art. 10,https://www.legifrance.gouv.fr/jorf/id/JORFTEXT000020480797
2014-12-11,DECRET,DÉCRET n°2014-1485 du 11 décembre 2014,art. 9,https://www.legifrance.gouv.fr/jorf/id/JORFTEXT000029884555
2022-08-12,DECRET,Décret n°2022-1155 du 12 août 2022,art. 2,https://www.legifrance.gouv.fr/jorf/id/JORFTEXT000046180378
2018-02-21,DECRET,Décret n°2018-124 du 21 février 2018,art. 7,https://www.legifrance.gouv.fr/jorf/id/JORFTEXT000036635740
2014-12-11,DECRET,DÉCRET n°2014-1484 du 11 décembre 2014,art. 1,https://www.legifrance.gouv.fr/jorf/id/JORFTEXT000029884544
2010-08-24,DECRET,Décret n°2010-937 du 24 août 2010,art. 1,https://www.legifrance.gouv.fr/jorf/id/JORFTEXT000022737117
2015-08-25,DECRET,DÉCRET n°2015-1051 du 25 août 2015,art. 1,https://www.legifrance.gouv.fr/jorf/id/JORFTEXT000031091497
2020-09-11,DECRET,Décret n°2020-1127 du 11 septembre 2020,art. 5,https://www.legifrance.gouv.fr/jorf/id/JORFTEXT000042326180
2010-12-30,DECRET,Décret n°2010-1771 du 30 décembre 2010,art. 2,https://www.legifrance.gouv.fr/jorf/id/JORFTEXT000023335714
2015-02-19,DECRET,DÉCRET n°2015-193 du 19 février 2015,art. 2,https://www.legifrance.gouv.fr/jorf/id/JORFTEXT000030262151
2019-11-26,DECRET,Décret n°2019-1236 du 26 novembre 2019,art. 3,https://www.legifrance.gouv.fr/jorf/id/JORFTEXT000039424735
2020-09-21,DECRET,Décret n°2020-1158 du 21 septembre 2020,art. 2,https://www.legifrance.gouv.fr/jorf/id/JORFTEXT000042353665
2014-11-26,DECRET,DÉCRET n°2014-1407 du 26 novembre 2014,art. 4 (V),https://www.legifrance.gouv.fr/jorf/id/JORFTEXT000029804187
2015-10-13,DECRET,DÉCRET n°2015-1280 du 13 octobre 2015,art. 5,https://www.legifrance.gouv.fr/jorf/id/JORFTEXT000031313565
2023-07-20,DECRET,Décret n°2023-639 du 20 juillet 2023,art. 3,https://www.legifrance.gouv.fr/jorf/id/JORFTEXT000047867126
2013-11-04,DECRET,Décret n°2013-983 du 4 novembre 2013,art. 2,https://www.legifrance.gouv.fr/jorf/id/JORFTEXT000028156826
2008-05-15,DECRET,Décret n°2008-463 du 15 mai 2008,art. 4,https://www.legifrance.gouv.fr/jorf/id/JORFTEXT000018802347
2013-01-24,DECRET,Décret n°2013-77 du 24 janvier 2013,art. 2,https://www.legifrance.gouv.fr/jorf/id/JORFTEXT000026979035
2020-12-21,DECRET,Décret n°2020-1633 du 21 décembre 2020,art. 2,https://www.legifrance.gouv.fr/jorf/id/JORFTEXT000042713288
2015-06-24,DECRET,DÉCRET n°2015-750 du 24 juin 2015,art. 2,https://www.legifrance.gouv.fr/jorf/id/JORFTEXT000030784954
2010-01-27,DECRET,Décret n°2010-99 du 27 janvier 2010,art. 10,https://www.legifrance.gouv.fr/jorf/id/JORFTEXT000021751572
2016-08-03,DECRET,Décret n°2016-1063 du 3 août 2016,art. 5,https://www.legifrance.gouv.fr/jorf/id/JORFTEXT000032967294
2019-12-18,DECRET,Décret n°2019-1404 du 18 décembre 2019,art. 3,https://www.legifrance.gouv.fr/jorf/id/JORFTEXT000039645616
2013-10-04,DECRET,Décret n°2013-895 du 4 octobre 2013,art. 3,https://www.legifrance.gouv.fr/jorf/id/JORFTEXT000028036217
2023-08-09,DECRET,Décret n°2023-738 du 9 août 2023,art. 4,https://www.legifrance.gouv.fr/jorf/id/JORFTEXT000047952335
2011-06-24,DECRET,Décret n°2011-728 du 24 juin 2011,art. 8,https://www.legifrance.gouv.fr/jorf/id/JORFTEXT000024249428
2019-08-30,DECRET,Décret n°2019-906 du 30 août 2019,art. 13,https://www.legifrance.gouv.fr/jorf/id/JORFTEXT000039001685
2012-10-26,DECRET,Décret n°2012-1193 du 26 octobre 2012,art. 10,https://www.legifrance.gouv.fr/jorf/id/JORFTEXT000026537613
2014-10-24,DECRET,DÉCRET n°2014-1236 du 24 octobre 2014,art. 8,https://www.legifrance.gouv.fr/jorf/id/JORFTEXT000029626193
2016-11-29,DECRET,Décret n°2016-1631 du 29 novembre 2016,art. 5 (V),https://www.legifrance.gouv.fr/jorf/id/JORFTEXT000033507415
2023-08-16,DECRET,Décret n°2023-782 du 16 août 2023,art. 8,https://www.legifrance.gouv.fr/jorf/id/JORFTEXT000047973978
2014-05-22,DECRET,Décret n°2014-522 du 22 mai 2014,art. 2,https://www.legifrance.gouv.fr/jorf/id/JORFTEXT000028969608
2011-12-01,DECRET,Décret n°2011-1716 du 1er décembre 2011,art. 2,https://www.legifrance.gouv.fr/jorf/id/JORFTEXT000024908618
2016-09-16,DECRET,Décret n°2016-1228 du 16 septembre 2016,art. 10 (V),https://www.legifrance.gouv.fr/jorf/id/JORFTEXT000033123569
2023-08-21,DECRET,Décret n°2023-805 du 21 août 2023,art. 1,https://www.legifrance.gouv.fr/jorf/id/JORFTEXT000047986507
2022-12-22,DECRET,Décret n°2022-1605 du 22 décembre 2022,art. 9,https://www.legifrance.gouv.fr/jorf/id/JORFTEXT000046778725
2020-07-29,DECRET,Décret n°2020-939 du 29 juillet 2020,art. 1,https://www.legifrance.gouv.fr/jorf/id/JORFTEXT000042176927
2015-06-24,DECRET,DÉCRET n°2015-749 du 24 juin 2015,art. 1,https://www.legifrance.gouv.fr/jorf/id/JORFTEXT000030784940
2009-01-22,ORDONNANCE,Ordonnance n°2009-79 du 22 janvier 2009,art. 6 (V),https://www.legifrance.gouv.fr/jorf/id/JORFTEXT000020137892
2014-05-27,DECRET,Décret n°2014-551 du 27 mai 2014,art. 10,https://www.legifrance.gouv.fr/jorf/id/JORFTEXT000029001649
2014-09-26,DECRET,DÉCRET n°2014-1093 du 26 septembre 2014,art. 2,https://www.legifrance.gouv.fr/jorf/id/JORFTEXT000029504357
2017-04-28,DECRET,Décret n°2017-671 du 28 avril 2017,art. 183,https://www.legifrance.gouv.fr/jorf/id/JORFTEXT000034514992
2014-10-24,DECRET,DÉCRET n°2014-1237 du 24 octobre 2014,art. 2,https://www.legifrance.gouv.fr/jorf/id/JORFTEXT000029626233
2016-05-20,DECRET,Décret n°2016-657 du 20 mai 2016,art. 1,https://www.legifrance.gouv.fr/jorf/id/JORFTEXT000032569680
2019-08-23,DECRET,Décret n°2019-887 du 23 août 2019,art. 1,https://www.legifrance.gouv.fr/jorf/id/JORFTEXT000038955309
2011-06-24,DECRET,Décret n°2011-729 du 24 juin 2011,art. 5,https://www.legifrance.gouv.fr/jorf/id/JORFTEXT000024249469
2014-12-19,DECRET,DÉCRET n°2014-1547 du 19 décembre 2014,art. 1,https://www.legifrance.gouv.fr/jorf/id/JORFTEXT000029927134
2019-08-30,DECRET,Décret n°2019-908 du 30 août 2019,art. 8,https://www.legifrance.gouv.fr/jorf/id/JORFTEXT000039001847
2016-09-16,DECRET,Décret n°2016-1229 du 16 septembre 2016,art. 7,https://www.legifrance.gouv.fr/jorf/id/JORFTEXT000033123607
2023-08-21,DECRET,Décret n°2023-806 du 21 août 2023,art. 2,https://www.legifrance.gouv.fr/jorf/id/JORFTEXT000047986516
2017-12-29,DECRET,Décret n°2017-1882 du 29 décembre 2017,art. 6,https://www.legifrance.gouv.fr/jorf/id/JORFTEXT000036342034
2014-05-27,DECRET,Décret n°2014-552 du 27 mai 2014,art. 7,https://www.legifrance.gouv.fr/jorf/id/JORFTEXT000029002430
2013-09-24,DECRET,Décret n°2013-852 du 24 septembre 2013,art. 1,https://www.legifrance.gouv.fr/jorf/id/JORFTEXT000027991300
2019-04-12,DECRET,Décret n°2019-317 du 12 avril 2019,art. 1,https://www.legifrance.gouv.fr/jorf/id/JORFTEXT000038370800
2015-04-03,DECRET,DÉCRET n°2015-384 du 3 avril 2015,art. 1,https://www.legifrance.gouv.fr/jorf/id/JORFTEXT000030440292
2008-08-20,DECRET,Décret n°2008-803 du 20 août 2008,art. 5,https://www.legifrance.gouv.fr/jorf/id/JORFTEXT000019350068
2019-02-25,DECRET,Décret n°2019-132 du 25 février 2019,art. 10,https://www.legifrance.gouv.fr/jorf/id/JORFTEXT000038168693
2021-07-12,DECRET,Décret n°2021-926 du 12 juillet 2021,art. 3,https://www.legifrance.gouv.fr/jorf/id/JORFTEXT000043788563
2019-12-11,DECRET,Décret n°2019-1336 du 11 décembre 2019,art. 4,https://www.legifrance.gouv.fr/jorf/id/JORFTEXT000039481333
2020-06-16,DECRET,Décret n°2020-735 du 16 juin 2020,art. 2,https://www.legifrance.gouv.fr/jorf/id/JORFTEXT000042007151
2009-02-27,DECRET,Décret n°2009-238 du 27 février 2009,art. 5,https://www.legifrance.gouv.fr/jorf/id/JORFTEXT000020318863
2023-04-12,DECRET,Décret n°2023-267 du 12 avril 2023,art. 14,https://www.legifrance.gouv.fr/jorf/id/JORFTEXT000047439401
2022-03-08,DECRET,Décret n°2022-332 du 8 mars 2022,art. 1,https://www.legifrance.gouv.fr/jorf/id/JORFTEXT000045327131
2019-11-07,DECRET,Décret n°2019-1143 du 7 novembre 2019,art. 5,https://www.legifrance.gouv.fr/jorf/id/JORFTEXT000039349600
2013-08-23,DECRET,Décret n°2013-767 du 23 août 2013,art. 17,https://www.legifrance.gouv.fr/jorf/id/JORFTEXT000027894279
2021-11-15,DECRET,Décret n°2021-1486 du 15 novembre 2021,art. 1,https://www.legifrance.gouv.fr/jorf/id/JORFTEXT000044327430
2016-09-29,DECRET,Décret n°2016-1278 du 29 septembre 2016,art. 1 (V),https://www.legifrance.gouv.fr/jorf/id/JORFTEXT000033166292
2019-12-30,DECRET,Décret n°2019-1555 du 30 décembre 2019,art. 1,https://www.legifrance.gouv.fr/jorf/id/JORFTEXT000039700437
2020-12-16,DECRET,Décret n°2020-1734 du 16 décembre 2020,art. 6,https://www.legifrance.gouv.fr/jorf/id/JORFTEXT000042756398
2022-08-25,DECRET,Décret n°2022-1183 du 25 août 2022,art. 10,https://www.legifrance.gouv.fr/jorf/id/JORFTEXT000046220755
2022-10-01,DECRET,Décret n°2022-1281 du 1er octobre 2022,art. 1,https://www.legifrance.gouv.fr/jorf/id/JORFTEXT000046350699
2023-02-20,DECRET,Décret n°2023-118 du 20 février 2023,art. 1,https://www.legifrance.gouv.fr/jorf/id/JORFTEXT000047208619
2010-09-16,DECRET,Décret du 16 septembre 2010,art. 1,https://www.legifrance.gouv.fr/jorf/id/JORFTEXT000022824791
2023-08-14,DECRET,Décret n°2023-777 du 14 août 2023,art. 2,https://www.legifrance.gouv.fr/jorf/id/JORFTEXT000047968636
2013-08-14,DECRET,Décret n°2013-748 du 14 août 2013,art. 3,https://www.legifrance.gouv.fr/jorf/id/JORFTEXT000027845188
2023-04-18,DECRET,Décret n°2023-291 du 18 avril 2023,art. 1,https://www.legifrance.gouv.fr/jorf/id/JORFTEXT000047471903
2010-07-01,DECRET,Décret n°2010-738 du 1er juillet 2010,art. 2,https://www.legifrance.gouv.fr/jorf/id/JORFTEXT000022419565
2008-07-29,DECRET,Décret n°2008-751 du 29 juillet 2008,art. 1,https://www.legifrance.gouv.fr/jorf/id/JORFTEXT000019270141
2019-08-30,DECRET,Décret n°2019-909 du 30 août 2019,art. 1,https://www.legifrance.gouv.fr/jorf/id/JORFTEXT000039001875
2017-04-26,DECRET,Décret n°2017-642 du 26 avril 2017,art. 5,https://www.legifrance.gouv.fr/jorf/id/JORFTEXT000034502820
2016-08-01,DECRET,Décret n°2016-1049 du 1er août 2016,art. 1,https://www.legifrance.gouv.fr/jorf/id/JORFTEXT000032958366
2017-06-27,DECRET,Décret n°2017-1108 du 27 juin 2017,art. 1,https://www.legifrance.gouv.fr/jorf/id/JORFTEXT000035022480
2016-03-16,DECRET,Décret n°2016-328 du 16 mars 2016,art. 24,https://www.legifrance.gouv.fr/jorf/id/JORFTEXT000032259363
2023-07-17,DECRET,Décret n°2023-614 du 17 juillet 2023,art. 1,https://www.legifrance.gouv.fr/jorf/id/JORFTEXT000047858270
2017-05-05,DECRET,Décret n°2017-792 du 5 mai 2017,art. 1,https://www.legifrance.gouv.fr/jorf/id/JORFTEXT000034601676
2016-08-19,DECRET,Décret n°2016-1136 du 19 août 2016,art. 1,https://www.legifrance.gouv.fr/jorf/id/JORFTEXT000033052928
2021-07-13,DECRET,Décret n°2021-924 du 13 juillet 2021,art. 2,https://www.legifrance.gouv.fr/jorf/id/JORFTEXT000043788451
2020-08-07,DECRET,Décret n°2020-1011 du 7 août 2020,art. 1,https://www.legifrance.gouv.fr/jorf/id/JORFTEXT000042220841
2014-06-24,DECRET,DÉCRET n°2014-671 du 24 juin 2014,art. 1,https://www.legifrance.gouv.fr/jorf/id/JORFTEXT000029135243
2012-10-04,DECRET,Décret n°2012-1124 du 4 octobre 2012,art. 1,https://www.legifrance.gouv.fr/jorf/id/JORFTEXT000026457385
2019-02-13,DECRET,Décret n°2019-91 du 13 février 2019,art. 1,https://www.legifrance.gouv.fr/jorf/id/JORFTEXT000038124485
2009-06-23,DECRET,Décret n°2009-765 du 23 juin 2009,art. 1,https://www.legifrance.gouv.fr/jorf/id/JORFTEXT000020781723
2017-05-10,DECRET,Décret n°2017-962 du 10 mai 2017,art. 1,https://www.legifrance.gouv.fr/jorf/id/JORFTEXT000034675719
2018-05-18,DECRET,Décret n°2018-369 du 18 mai 2018,art. 20,https://www.legifrance.gouv.fr/jorf/id/JORFTEXT000036927366
2020-02-28,DECRET,Décret n°2020-181 du 28 février 2020,art. 13,https://www.legifrance.gouv.fr/jorf/id/JORFTEXT000041661760
2019-03-26,DECRET,Décret n°2019-231 du 26 mars 2019,art. 22,https://www.legifrance.gouv.fr/jorf/id/JORFTEXT000038272532
2023-05-31,DECRET,Décret n°2023-419 du 31 mai 2023,art. 1,https://www.legifrance.gouv.fr/jorf/id/JORFTEXT000047614226
2021-02-26,DECRET,Décret n°2021-226 du 26 février 2021,art. 10,https://www.legifrance.gouv.fr/jorf/id/JORFTEXT000043189755
2022-06-22,DECRET,Décret n°2022-924 du 22 juin 2022,art. 1,https://www.legifrance.gouv.fr/jorf/id/JORFTEXT000045954480
2018-06-29,DECRET,Décret n°2018-563 du 29 juin 2018,art. 4,https://www.legifrance.gouv.fr/jorf/id/JORFTEXT000037132446
2019-04-19,DECRET,Décret n°2019-345 du 19 avril 2019,art. 2,https://www.legifrance.gouv.fr/jorf/id/JORFTEXT000038396874
2019-04-12,DECRET,Décret n°2019-318 du 12 avril 2019,art. 1,https://www.legifrance.gouv.fr/jorf/id/JORFTEXT000038371010
2023-11-02,DECRET,Décret n°2023-1015 du 2 novembre 2023,art. 2,https://www.legifrance.gouv.fr/jorf/id/JORFTEXT000048347132
2021-11-12,DECRET,Décret n°2021-1480 du 12 novembre 2021,art. 2,https://www.legifrance.gouv.fr/jorf/id/JORFTEXT000044319445
2014-09-22,DECRET,DÉCRET n°2014-1073 du 22 septembre 2014,art. 3,https://www.legifrance.gouv.fr/jorf/id/JORFTEXT000029497140
2014-07-09,DECRET,DÉCRET n°2014-791 du 9 juillet 2014,art. 4,https://www.legifrance.gouv.fr/jorf/id/JORFTEXT000029218119
2019-03-21,DECRET,Décret n°2019-215 du 21 mars 2019,art. 1,https://www.legifrance.gouv.fr/jorf/id/JORFTEXT000038257865
2022-06-03,DECRET,Décret n°2022-850 du 3 juin 2022,art. 1,https://www.legifrance.gouv.fr/jorf/id/JORFTEXT000045862535
2021-02-26,DECRET,Décret n°2021-227 du 26 février 2021,art. 3,https://www.legifrance.gouv.fr/jorf/id/JORFTEXT000043189840
2017-01-25,DECRET,Décret n°2017-83 du 25 janvier 2017,art. 1,https://www.legifrance.gouv.fr/jorf/id/JORFTEXT000033927512
2016-01-14,DECRET,Décret n°2016-21 du 14 janvier 2016,art. 1,https://www.legifrance.gouv.fr/jorf/id/JORFTEXT000031844697
2017-04-26,DECRET,Décret n°2017-641 du 26 avril 2017,art. 1,https://www.legifrance.gouv.fr/jorf/id/JORFTEXT000034502809
2017-12-13,DECRET,Décret n°2017-1691 du 13 décembre 2017,art. 1,https://www.legifrance.gouv.fr/jorf/id/JORFTEXT000036203781
2018-03-29,DECRET,Décret n°2018-231 du 29 mars 2018,art. 1,https://www.legifrance.gouv.fr/jorf/id/JORFTEXT000036756647
2018-05-18,DECRET,Décret n°2018-367 du 18 mai 2018,art. 1,https://www.legifrance.gouv.fr/jorf/id/JORFTEXT000036927339
2018-05-18,DECRET,Décret n°2018-368 du 18 mai 2018,art. 1,https://www.legifrance.gouv.fr/jorf/id/JORFTEXT000036927357
2018-08-03,DECRET,Décret n°2018-726 du 3 août 2018,art. 3,https://www.legifrance.gouv.fr/jorf/id/JORFTEXT000037301807
2018-08-22,DECRET,Décret n°2018-734 du 22 août 2018,art. 2,https://www.legifrance.gouv.fr/jorf/id/JORFTEXT000037324454
2018-12-28,DECRET,Décret n°2018-1360 du 28 décembre 2018,art. 2,https://www.legifrance.gouv.fr/jorf/id/JORFTEXT000037884876
2019-11-05,DECRET,Décret n°2019-1130 du 5 novembre 2019,art. 21,https://www.legifrance.gouv.fr/jorf/id/JORFTEXT000039323049
2020-09-29,DECRET,Décret n°2020-1204 du 29 septembre 2020,art. 1,https://www.legifrance.gouv.fr/jorf/id/JORFTEXT000042383287
2021-04-07,DECRET,Décret n°2021-405 du 7 avril 2021,art. 1,https://www.legifrance.gouv.fr/jorf/id/JORFTEXT000043339429
2021-10-18,DECRET,Décret n°2021-1359 du 18 octobre 2021,art. 1,https://www.legifrance.gouv.fr/jorf/id/JORFTEXT000044223563
2022-10-14,DECRET,Décret n°2022-1324 du 14 octobre 2022,art. 1,https://www.legifrance.gouv.fr/jorf/id/JORFTEXT000046432311
2022-10-31,DECRET,Décret n°2022-1390 du 31 octobre 2022,art. 1,https://www.legifrance.gouv.fr/jorf/id/JORFTEXT000046510734
2023-10-10,DECRET,Décret n°2023-937 du 10 octobre 2023,art. 1,https://www.legifrance.gouv.fr/jorf/id/JORFTEXT000048193218
2023-02-03,DECRET,Décret n°2023-67 du 3 février 2023,art. 1,https://www.legifrance.gouv.fr/jorf/id/JORFTEXT000047091268
2016-05-25,DECRET,Décret n°2016-672 du 25 mai 2016,art. 1,https://www.legifrance.gouv.fr/jorf/id/JORFTEXT000032587047
2014-12-15,DECRET,DÉCRET n°2014-1511 du 15 décembre 2014,art. 3,https://www.legifrance.gouv.fr/jorf/id/JORFTEXT000029913517
2016-01-18,DECRET,Décret n°2016-24 du 18 janvier 2016,art. 34,https://www.legifrance.gouv.fr/jorf/id/JORFTEXT000031872907
2017-05-10,DECRET,Décret n°2017-959 du 10 mai 2017,art. 1,https://www.legifrance.gouv.fr/jorf/id/JORFTEXT000034675453
2018-06-29,DECRET,Décret n°2018-562 du 29 juin 2018,art. 2,https://www.legifrance.gouv.fr/jorf/id/JORFTEXT000037132435
2018-07-18,DECRET,Décret n°2018-633 du 18 juillet 2018,art. 3,https://www.legifrance.gouv.fr/jorf/id/JORFTEXT000037218444
2020-03-17,DECRET,Décret n°2020-271 du 17 mars 2020,art. 1,https://www.legifrance.gouv.fr/jorf/id/JORFTEXT000041733674
2021-04-01,DECRET,Décret n°2021-377 du 1er avril 2021,art. 1,https://www.legifrance.gouv.fr/jorf/id/JORFTEXT000043317598
2021-09-02,DECRET,Décret n°2021-1147 du 2 septembre 2021,art. 1,https://www.legifrance.gouv.fr/jorf/id/JORFTEXT000044018686
2022-04-27,DECRET,Décret n°2022-732 du 27 avril 2022,art. 1,https://www.legifrance.gouv.fr/jorf/id/JORFTEXT000045696601
2022-07-29,DECRET,Décret n°2022-1095 du 29 juillet 2022,art. 1,https://www.legifrance.gouv.fr/jorf/id/JORFTEXT000046114884
2023-08-11,DECRET,Décret n°2023-771 du 11 août 2023,art. 1,https://www.legifrance.gouv.fr/jorf/id/JORFTEXT000047964878
2023-02-20,DECRET,Décret n°2023-113 du 20 février 2023,art. 2,https://www.legifrance.gouv.fr/jorf/id/JORFTEXT000047201178
2023-03-15,DECRET,Décret n°2023-179 du 15 mars 2023,art. 3,https://www.legifrance.gouv.fr/jorf/id/JORFTEXT000047310774
2020-09-25,DECRET,Décret n°2020-1180 du 25 septembre 2020,art. 1,https://www.legifrance.gouv.fr/jorf/id/JORFTEXT000042366357
2022-03-25,DECRET,Décret n°2022-426 du 25 mars 2022,art. 2,https://www.legifrance.gouv.fr/jorf/id/JORFTEXT000045410797
2016-07-26,DECRET,Décret n°2016-1026 du 26 juillet 2016,art. 91,https://www.legifrance.gouv.fr/jorf/id/JORFTEXT000032938640
2020-01-02,DECRET,Décret n°2020-5 du 2 janvier 2020,art. 2,https://www.legifrance.gouv.fr/jorf/id/JORFTEXT000039772207
2023-06-29,DECRET,Décret n°2023-538 du 29 juin 2023,art. 1,https://www.legifrance.gouv.fr/jorf/id/JORFTEXT000047753551
2019-11-04,DECRET,Décret n°2019-1126 du 4 novembre 2019,art. 3,https://www.legifrance.gouv.fr/jorf/id/JORFTEXT000039309339
2015-09-16,DECRET,DÉCRET n°2015-1152 du 16 septembre 2015,art. 5,https://www.legifrance.gouv.fr/jorf/id/JORFTEXT000031180775
2016-06-24,DECRET,Décret n°2016-839 du 24 juin 2016,art. 3,https://www.legifrance.gouv.fr/jorf/id/JORFTEXT000032770243
2023-03-13,DECRET,Décret n°2023-178 du 13 mars 2023,art. 10,https://www.legifrance.gouv.fr/jorf/id/JORFTEXT000047304956
2020-08-14,DECRET,Décret n°2020-1057 du 14 août 2020,art. 1,https://www.legifrance.gouv.fr/jorf/id/JORFTEXT000042238259
2022-03-11,DECRET,Décret n°2022-353 du 11 mars 2022,art. 31,https://www.legifrance.gouv.fr/jorf/id/JORFTEXT000045341280
2020-07-30,DECRET,Décret n°2020-951 du 30 juillet 2020,art. 1,https://www.legifrance.gouv.fr/jorf/id/JORFTEXT000042183265
2016-11-25,DECRET,Décret n°2016-1597 du 25 novembre 2016,art. 1,https://www.legifrance.gouv.fr/jorf/id/JORFTEXT000033479390
2021-09-07,DECRET,Décret n°2021-1156 du 7 septembre 2021,art. 2,https://www.legifrance.gouv.fr/jorf/id/JORFTEXT000044027187
2023-08-09,DECRET,Décret n°2023-740 du 9 août 2023,art. 1,https://www.legifrance.gouv.fr/jorf/id/JORFTEXT000047952413
2016-05-25,DECRET,Décret n°2016-675 du 25 mai 2016,art. 8,https://www.legifrance.gouv.fr/jorf/id/JORFTEXT000032587192
2019-12-09,DECRET,Décret n°2019-1331 du 9 décembre 2019,art. 1,https://www.legifrance.gouv.fr/jorf/id/JORFTEXT000039472996
2021-11-17,DECRET,Décret n°2021-1497 du 17 novembre 2021,art. 2,https://www.legifrance.gouv.fr/jorf/id/JORFTEXT000044336518
2013-11-29,DECRET,Décret n°2013-1080 du 29 novembre 2013,art. 1,https://www.legifrance.gouv.fr/jorf/id/JORFTEXT000028253940
2019-08-20,DECRET,Décret n°2019-863 du 20 août 2019,art. 1,https://www.legifrance.gouv.fr/jorf/id/JORFTEXT000038940385
2019-10-04,DECRET,Décret n°2019-1022 du 4 octobre 2019,art. 1,https://www.legifrance.gouv.fr/jorf/id/JORFTEXT000039184769
2017-02-20,DECRET,Décret n°2017-213 du 20 février 2017,art. 1,https://www.legifrance.gouv.fr/jorf/id/JORFTEXT000034074090
2016-07-21,DECRET,Décret n°2016-1008 du 21 juillet 2016,art. 5,https://www.legifrance.gouv.fr/jorf/id/JORFTEXT000032927800
2020-10-29,DECRET,Décret n°2020-1308 du 29 octobre 2020,art. 1,https://www.legifrance.gouv.fr/jorf/id/JORFTEXT000042475106
2016-02-09,DECRET,Décret n°2016-133 du 9 février 2016,art. 1,https://www.legifrance.gouv.fr/jorf/id/JORFTEXT000032005259
2022-09-16,DECRET,Décret n°2022-1236 du 16 septembre 2022,art. 1,https://www.legifrance.gouv.fr/jorf/id/JORFTEXT000046298170
2020-05-14,DECRET,Décret n°2020-579 du 14 mai 2020,art. 1,https://www.legifrance.gouv.fr/jorf/id/JORFTEXT000041885587
2022-11-10,DECRET,Décret n°2022-1419 du 10 novembre 2022,art. 1,https://www.legifrance.gouv.fr/jorf/id/JORFTEXT000046548322
2020-09-23,DECRET,Décret n°2020-1163 du 23 septembre 2020,art. 6,https://www.legifrance.gouv.fr/jorf/id/JORFTEXT000042357530
2021-08-13,DECRET,Décret n°2021-1085 du 13 août 2021,art. 1,https://www.legifrance.gouv.fr/jorf/id/JORFTEXT000043936420
2019-08-12,DECRET,Décret n°2019-836 du 12 août 2019,art. 1,https://www.legifrance.gouv.fr/jorf/id/JORFTEXT000038914192
2023-05-09,DECRET,Décret n°2023-354 du 9 mai 2023,art. 1,https://www.legifrance.gouv.fr/jorf/id/JORFTEXT000047533787
2020-01-28,DECRET,Décret n°2020-56 du 28 janvier 2020,art. 1,https://www.legifrance.gouv.fr/jorf/id/JORFTEXT000041491716
2020-12-22,DECRET,Décret n°2020-1692 du 22 décembre 2020,art. 1,https://www.legifrance.gouv.fr/jorf/id/JORFTEXT000042739593
2021-10-13,DECRET,Décret n°2021-1344 du 13 octobre 2021,art. 1,https://www.legifrance.gouv.fr/jorf/id/JORFTEXT000044206637
2022-10-28,DECRET,Décret n°2022-1376 du 28 octobre 2022,art. 2,https://www.legifrance.gouv.fr/jorf/id/JORFTEXT000046503473
2016-07-28,DECRET,Décret n°2016-1037 du 28 juillet 2016,art. 1,https://www.legifrance.gouv.fr/jorf/id/JORFTEXT000032948965
2020-09-23,DECRET,Décret n°2020-1167 du 23 septembre 2020,art. 1,https://www.legifrance.gouv.fr/jorf/id/JORFTEXT000042360690
2020-04-03,DECRET,Décret n°2020-398 du 3 avril 2020,art. 1,https://www.legifrance.gouv.fr/jorf/id/JORFTEXT000041782400
2015-10-14,DECRET,DÉCRET n°2015-1286 du 14 octobre 2015,art. 8,https://www.legifrance.gouv.fr/jorf/id/JORFTEXT000031319601
2015-11-18,DECRET,DÉCRET n°2015-1496 du 18 novembre 2015,art. 11,https://www.legifrance.gouv.fr/jorf/id/JORFTEXT000031496966
2015-12-24,DECRET,Décret n°2015-1760 du 24 décembre 2015,art. 11,https://www.legifrance.gouv.fr/jorf/id/JORFTEXT000031691554
2016-12-19,DECRET,Décret n°2016-1782 du 19 décembre 2016,art. 8,https://www.legifrance.gouv.fr/jorf/id/JORFTEXT000033658895
2017-02-06,DECRET,Décret n°2017-135 du 6 février 2017,art. 9,https://www.legifrance.gouv.fr/jorf/id/JORFTEXT000034010781
2018-04-18,DECRET,Décret n°2018-285 du 18 avril 2018,art. 10,https://www.legifrance.gouv.fr/jorf/id/JORFTEXT000036819883
2018-12-19,DECRET,Décret n°2018-1189 du 19 décembre 2018,art. 1,https://www.legifrance.gouv.fr/jorf/id/JORFTEXT000037839802
2019-10-21,DECRET,Décret n°2019-1075 du 21 octobre 2019,art. 4,https://www.legifrance.gouv.fr/jorf/id/JORFTEXT000039256645
2020-02-24,DECRET,Décret n°2020-159 du 24 février 2020,art. 3,https://www.legifrance.gouv.fr/jorf/id/JORFTEXT000041636209
2020-12-07,DECRET,Décret n°2020-1527 du 7 décembre 2020,art. 14,https://www.legifrance.gouv.fr/jorf/id/JORFTEXT000042620217
2021-04-13,DECRET,Décret n°2021-441 du 13 avril 2021,art. 8,https://www.legifrance.gouv.fr/jorf/id/JORFTEXT000043370810
2013-10-17,DECRET,Décret n°2013-924 du 17 octobre 2013,art. 29,https://www.legifrance.gouv.fr/jorf/id/JORFTEXT000028081296
2013-12-09,DECRET,Décret n°2013-1140 du 9 décembre 2013,art. 28,https://www.legifrance.gouv.fr/jorf/id/JORFTEXT000028312858
2019-02-05,DECRET,Décret n°2019-77 du 5 février 2019,art. 2,https://www.legifrance.gouv.fr/jorf/id/JORFTEXT000038100696
2014-12-30,DECRET,DÉCRET n°2014-1679 du 30 décembre 2014,art. 36,https://www.legifrance.gouv.fr/jorf/id/JORFTEXT000030001939
2015-05-13,DECRET,DÉCRET n°2015-530 du 13 mai 2015,art. 24,https://www.legifrance.gouv.fr/jorf/id/JORFTEXT000030591325
2015-09-24,DECRET,DÉCRET n°2015-1176 du 24 septembre 2015,art. 45,https://www.legifrance.gouv.fr/jorf/id/JORFTEXT000031218194
2016-10-21,DECRET,Décret n°2016-1427 du 21 octobre 2016,art. 6,https://www.legifrance.gouv.fr/jorf/id/JORFTEXT000033285614
2018-04-05,DECRET,Décret n°2018-249 du 5 avril 2018,art. 33,https://www.legifrance.gouv.fr/jorf/id/JORFTEXT000036775449
2018-12-14,DECRET,Décret n°2018-1158 du 14 décembre 2018,art. 5,https://www.legifrance.gouv.fr/jorf/id/JORFTEXT000037816277
2021-06-30,DECRET,Décret n°2021-862 du 30 juin 2021,art.,https://www.legifrance.gouv.fr/jorf/id/JORFTEXT000043727821
2021-10-29,DECRET,Décret n°2021-1421 du 29 octobre 2021,art. 8,https://www.legifrance.gouv.fr/jorf/id/JORFTEXT000044273168
2022-11-24,DECRET,Décret n°2022-1475 du 24 novembre 2022,art. 3,https://www.legifrance.gouv.fr/jorf/id/JORFTEXT000046619205
2022-12-08,DECRET,Décret n°2022-1535 du 8 décembre 2022,art. 27,https://www.legifrance.gouv.fr/jorf/id/JORFTEXT000046711320
2023-11-08,DECRET,Décret n°2023-1034 du 8 novembre 2023,art. 4,https://www.legifrance.gouv.fr/jorf/id/JORFTEXT000048385509
2015-09-21,DECRET,DÉCRET n°2015-1168 du 21 septembre 2015,art. 2,https://www.legifrance.gouv.fr/jorf/id/JORFTEXT000031199801
2019-11-04,DECRET,Décret n°2019-1125 du 4 novembre 2019,art. 3,https://www.legifrance.gouv.fr/jorf/id/JORFTEXT000039309275
2020-05-28,DECRET,Décret n°2020-651 du 28 mai 2020,art. 2,https://www.legifrance.gouv.fr/jorf/id/JORFTEXT000041937140
2018-05-18,DECRET,Décret n°2018-370 du 18 mai 2018,art. 3 (V),https://www.legifrance.gouv.fr/jorf/id/JORFTEXT000036927462
2018-05-18,DECRET,Décret n°2018-372 du 18 mai 2018,art. 2,https://www.legifrance.gouv.fr/jorf/id/JORFTEXT000036927499
2020-05-28,DECRET,Décret n°2020-652 du 28 mai 2020,art. 4,https://www.legifrance.gouv.fr/jorf/id/JORFTEXT000041937165
2020-10-20,DECRET,Décret n°2020-1273 du 20 octobre 2020,art. 2,https://www.legifrance.gouv.fr/jorf/id/JORFTEXT000042445735
2022-12-12,DECRET,Décret n°2022-1559 du 12 décembre 2022,art. 2,https://www.legifrance.gouv.fr/jorf/id/JORFTEXT000046733543
2023-06-15,DECRET,Décret n°2023-469 du 15 juin 2023,art. 1,https://www.legifrance.gouv.fr/jorf/id/JORFTEXT000047692676
2013-09-03,DECRET,Décret n°2013-805 du 3 septembre 2013,art. 8,https://www.legifrance.gouv.fr/jorf/id/JORFTEXT000027927174
2014-07-30,DECRET,DÉCRET n°2014-851 du 30 juillet 2014,art. 12,https://www.legifrance.gouv.fr/jorf/id/JORFTEXT000029310823
2014-09-11,DECRET,DÉCRET n°2014-1038 du 11 septembre 2014,art. 8,https://www.legifrance.gouv.fr/jorf/id/JORFTEXT000029446865
2015-09-11,DECRET,DÉCRET n°2015-1132 du 11 septembre 2015,art. 11,https://www.legifrance.gouv.fr/jorf/id/JORFTEXT000031147890
2016-09-13,DECRET,Décret n°2016-1217 du 13 septembre 2016,art. 12,https://www.legifrance.gouv.fr/jorf/id/JORFTEXT000033119145
2017-04-21,DECRET,Décret n°2017-596 du 21 avril 2017,art. 10,https://www.legifrance.gouv.fr/jorf/id/JORFTEXT000034455357
2017-09-11,DECRET,Décret n°2017-1329 du 11 septembre 2017,art. 11,https://www.legifrance.gouv.fr/jorf/id/JORFTEXT000035543008
2019-03-20,DECRET,Décret n°2019-209 du 20 mars 2019,art. 11,https://www.legifrance.gouv.fr/jorf/id/JORFTEXT000038252458
2019-07-25,DECRET,Décret n°2019-785 du 25 juillet 2019,art. 12,https://www.legifrance.gouv.fr/jorf/id/JORFTEXT000038821787
2019-09-09,DECRET,Décret n°2019-942 du 9 septembre 2019,art. 20,https://www.legifrance.gouv.fr/jorf/id/JORFTEXT000039070284
2019-10-28,DECRET,Décret n°2019-1095 du 28 octobre 2019,art. 14,https://www.legifrance.gouv.fr/jorf/id/JORFTEXT000039287925
2019-10-31,DECRET,Décret n°2019-1123 du 31 octobre 2019,art. 14 (Ab),https://www.legifrance.gouv.fr/jorf/id/JORFTEXT000039306168
2019-11-05,DECRET,Décret n°2019-1131 du 5 novembre 2019,art. 15,https://www.legifrance.gouv.fr/jorf/id/JORFTEXT000039323233
2019-12-13,DECRET,Décret n°2019-1360 du 13 décembre 2019,art. 5 (V),https://www.legifrance.gouv.fr/jorf/id/JORFTEXT000039508816
2021-06-17,DECRET,Décret n°2021-783 du 17 juin 2021,art. 1,https://www.legifrance.gouv.fr/jorf/id/JORFTEXT000043677881
2021-09-20,DECRET,Décret n°2021-1206 du 20 septembre 2021,art. 7 (V),https://www.legifrance.gouv.fr/jorf/id/JORFTEXT000044069299
2021-10-01,DECRET,Décret n°2021-1290 du 1er octobre 2021,art. 5 (V),https://www.legifrance.gouv.fr/jorf/id/JORFTEXT000044155976
2021-12-24,DECRET,Décret n°2021-1831 du 24 décembre 2021,art. 13,https://www.legifrance.gouv.fr/jorf/id/JORFTEXT000044572545
2022-11-24,DECRET,Décret n°2022-1474 du 24 novembre 2022,art. 8,https://www.legifrance.gouv.fr/jorf/id/JORFTEXT000046619040
2022-12-08,DECRET,Décret n°2022-1536 du 8 décembre 2022,art. 5 (V),https://www.legifrance.gouv.fr/jorf/id/JORFTEXT000046711400
2015-02-06,DECRET,DÉCRET n°2015-132 du 6 février 2015,art. 3,https://www.legifrance.gouv.fr/jorf/id/JORFTEXT000030201024
2016-03-16,DECRET,Décret n°2016-318 du 16 mars 2016,art. 2,https://www.legifrance.gouv.fr/jorf/id/JORFTEXT000032251644
2019-12-26,DECRET,Décret n°2019-1459 du 26 décembre 2019,art. 33,https://www.legifrance.gouv.fr/jorf/id/JORFTEXT000039676677
2020-12-28,DECRET,Décret n°2020-1748 du 28 décembre 2020,art. 23,https://www.legifrance.gouv.fr/jorf/id/JORFTEXT000042760645
2021-12-20,DECRET,Décret n°2021-1723 du 20 décembre 2021,art. 18,https://www.legifrance.gouv.fr/jorf/id/JORFTEXT000044537927
2023-11-07,DECRET,Décret n°2023-1029 du 7 novembre 2023,art. 25,https://www.legifrance.gouv.fr/jorf/id/JORFTEXT000048376251
2017-12-18,DECRET,Décret n°2017-1710 du 18 décembre 2017,art. 2,https://www.legifrance.gouv.fr/jorf/id/JORFTEXT000036237022
2017-12-27,DECRET,Décret n°2017-1830 du 27 décembre 2017,art. 5,https://www.legifrance.gouv.fr/jorf/id/JORFTEXT000036337886
2018-02-14,DECRET,Décret n°2018-100 du 14 février 2018,art. 2,https://www.legifrance.gouv.fr/jorf/id/JORFTEXT000036605938
2018-02-15,DECRET,Décret n°2018-111 du 15 février 2018,art. 5,https://www.legifrance.gouv.fr/jorf/id/JORFTEXT000036609321
2019-12-26,DECRET,Décret n°2019-1476 du 26 décembre 2019,art. 5,https://www.legifrance.gouv.fr/jorf/id/JORFTEXT000039683382
2019-12-26,DECRET,Décret n°2019-1477 du 26 décembre 2019,art. 5,https://www.legifrance.gouv.fr/jorf/id/JORFTEXT000039683397
2019-12-31,DECRET,Décret n°2019-1597 du 31 décembre 2019,art. 5,https://www.legifrance.gouv.fr/jorf/id/JORFTEXT000039728395
2019-12-31,DECRET,Décret n°2019-1598 du 31 décembre 2019,art. 5,https://www.legifrance.gouv.fr/jorf/id/JORFTEXT000039728411
2019-12-31,DECRET,Décret n°2019-1599 du 31 décembre 2019,art. 6,https://www.legifrance.gouv.fr/jorf/id/JORFTEXT000039728426
2020-03-12,DECRET,Décret n°2020-239 du 12 mars 2020,art. 5,https://www.legifrance.gouv.fr/jorf/id/JORFTEXT000041717728
2020-12-01,DECRET,Décret n°2020-1506 du 1er décembre 2020,art. 5,https://www.legifrance.gouv.fr/jorf/id/JORFTEXT000042602330
2021-12-24,DECRET,Décret n°2021-1832 du 24 décembre 2021,art. 5,https://www.legifrance.gouv.fr/jorf/id/JORFTEXT000044572665
2022-12-08,DECRET,Décret n°2022-1537 du 8 décembre 2022,art. 6,https://www.legifrance.gouv.fr/jorf/id/JORFTEXT000046711536
2019-05-31,DECRET,Décret n°2019-549 du 31 mai 2019,art. 8,https://www.legifrance.gouv.fr/jorf/id/JORFTEXT000038535183
2022-03-04,DECRET,Décret n°2022-327 du 4 mars 2022,art. 3,https://www.legifrance.gouv.fr/jorf/id/JORFTEXT000045300140
2020-12-30,DECRET,Décret n°2020-1811 du 30 décembre 2020,art. 5,https://www.legifrance.gouv.fr/jorf/id/JORFTEXT000042841466
2017-09-15,DECRET,Décret n°2017-1341 du 15 septembre 2017,art. 1,https://www.legifrance.gouv.fr/jorf/id/JORFTEXT000035568894
2019-02-18,DECRET,Décret n°2019-112 du 18 février 2019,art. 1,https://www.legifrance.gouv.fr/jorf/id/JORFTEXT000038144043
2018-09-13,DECRET,Décret n°2018-792 du 13 septembre 2018,art. 5,https://www.legifrance.gouv.fr/jorf/id/JORFTEXT000037403591
2021-02-10,DECRET,Décret n°2021-146 du 10 février 2021,art. 1,https://www.legifrance.gouv.fr/jorf/id/JORFTEXT000043121725
2014-12-19,DECRET,DÉCRET n°2014-1549 du 19 décembre 2014,art. 5,https://www.legifrance.gouv.fr/jorf/id/JORFTEXT000029927153
2015-05-12,DECRET,DÉCRET n°2015-528 du 12 mai 2015,art. 7,https://www.legifrance.gouv.fr/jorf/id/JORFTEXT000030591279
2015-05-12,DECRET,DÉCRET n°2015-529 du 12 mai 2015,art. 4,https://www.legifrance.gouv.fr/jorf/id/JORFTEXT000030591308
2015-06-08,DECRET,DÉCRET n°2015-637 du 8 juin 2015,art. 3,https://www.legifrance.gouv.fr/jorf/id/JORFTEXT000030703302
2015-06-29,DECRET,DÉCRET n°2015-785 du 29 juin 2015,art. 5,https://www.legifrance.gouv.fr/jorf/id/JORFTEXT000030820446
2015-08-18,DECRET,DÉCRET n°2015-1008 du 18 août 2015,art. 3,https://www.legifrance.gouv.fr/jorf/id/JORFTEXT000031056872
2015-09-11,DECRET,DÉCRET n°2015-1133 du 11 septembre 2015,art. 5,https://www.legifrance.gouv.fr/jorf/id/JORFTEXT000031147957
2015-09-11,DECRET,DÉCRET n°2015-1131 du 11 septembre 2015,art. 5,https://www.legifrance.gouv.fr/jorf/id/JORFTEXT000031147875
2015-12-07,DECRET,Décret n°2015-1594 du 7 décembre 2015,art. 3,https://www.legifrance.gouv.fr/jorf/id/JORFTEXT000031585202
2016-01-18,DECRET,Décret n°2016-25 du 18 janvier 2016,art. 6,https://www.legifrance.gouv.fr/jorf/id/JORFTEXT000031872988
2016-01-19,DECRET,Décret n°2016-31 du 19 janvier 2016,art. 3,https://www.legifrance.gouv.fr/jorf/id/JORFTEXT000031878989
2016-02-23,DECRET,Décret n°2016-180 du 23 février 2016,art. 7,https://www.legifrance.gouv.fr/jorf/id/JORFTEXT000032101260
2016-02-23,DECRET,Décret n°2016-181 du 23 février 2016,art. 6,https://www.legifrance.gouv.fr/jorf/id/JORFTEXT000032101280
2016-04-14,DECRET,Décret n°2016-468 du 14 avril 2016,art. 15,https://www.legifrance.gouv.fr/jorf/id/JORFTEXT000032406929
2016-06-02,DECRET,Décret n°2016-742 du 2 juin 2016,art. 4,https://www.legifrance.gouv.fr/jorf/id/JORFTEXT000032630447
2016-06-22,DECRET,Décret n°2016-826 du 22 juin 2016,art. 4,https://www.legifrance.gouv.fr/jorf/id/JORFTEXT000032752890
2016-07-20,DECRET,Décret n°2016-990 du 20 juillet 2016,art. 2,https://www.legifrance.gouv.fr/jorf/id/JORFTEXT000032922323
2016-08-11,DECRET,Décret n°2016-1111 du 11 août 2016,art. 7,https://www.legifrance.gouv.fr/jorf/id/JORFTEXT000033027561
2016-08-11,DECRET,Décret n°2016-1112 du 11 août 2016,art. 2,https://www.legifrance.gouv.fr/jorf/id/JORFTEXT000033027586
2016-08-11,DECRET,Décret n°2016-1113 du 11 août 2016,art. 3,https://www.legifrance.gouv.fr/jorf/id/JORFTEXT000033027599
2016-08-11,DECRET,Décret n°2016-1114 du 11 août 2016,art. 3,https://www.legifrance.gouv.fr/jorf/id/JORFTEXT000033027620
2016-09-02,DECRET,Décret n°2016-1194 du 2 septembre 2016,art. 2,https://www.legifrance.gouv.fr/jorf/id/JORFTEXT000033087109
2016-09-12,DECRET,Décret n°2016-1213 du 12 septembre 2016,art. 4,https://www.legifrance.gouv.fr/jorf/id/JORFTEXT000033117649
2016-10-07,DECRET,Décret n°2016-1333 du 7 octobre 2016,art. 5,https://www.legifrance.gouv.fr/jorf/id/JORFTEXT000033204601
2017-03-23,DECRET,Décret n°2017-387 du 23 mars 2017,art. 3,https://www.legifrance.gouv.fr/jorf/id/JORFTEXT000034270874
2017-03-23,DECRET,Décret n°2017-388 du 23 mars 2017,art. 3 (V),https://www.legifrance.gouv.fr/jorf/id/JORFTEXT000034270885
2017-04-21,DECRET,Décret n°2017-598 du 21 avril 2017,art. 4,https://www.legifrance.gouv.fr/jorf/id/JORFTEXT000034455414
2017-07-10,DECRET,Décret n°2017-1157 du 10 juillet 2017,art. 4,https://www.legifrance.gouv.fr/jorf/id/JORFTEXT000035168356
2017-12-22,DECRET,Décret n°2017-1751 du 22 décembre 2017,art. 4,https://www.legifrance.gouv.fr/jorf/id/JORFTEXT000036252405
2017-12-29,DECRET,Décret n°2017-1832 du 29 décembre 2017,art. 15,https://www.legifrance.gouv.fr/jorf/id/JORFTEXT000036337955
2018-04-09,DECRET,Décret n°2018-258 du 9 avril 2018,art. 3,https://www.legifrance.gouv.fr/jorf/id/JORFTEXT000036786711
2018-04-11,DECRET,Décret n°2018-265 du 11 avril 2018,art. 4,https://www.legifrance.gouv.fr/jorf/id/JORFTEXT000036794738
2018-08-28,DECRET,Décret n°2018-757 du 28 août 2018,art. 10,https://www.legifrance.gouv.fr/jorf/id/JORFTEXT000037348066
2018-11-19,DECRET,Décret n°2018-1005 du 19 novembre 2018,art. 3,https://www.legifrance.gouv.fr/jorf/id/JORFTEXT000037627415
2018-12-21,DECRET,Décret n°2018-1212 du 21 décembre 2018,art. 7,https://www.legifrance.gouv.fr/jorf/id/JORFTEXT000037848455
2019-09-04,DECRET,Décret n°2019-931 du 4 septembre 2019,art. 4,https://www.legifrance.gouv.fr/jorf/id/JORFTEXT000039050771
2020-11-30,DECRET,Décret n°2020-1478 du 30 novembre 2020,art. 5,https://www.legifrance.gouv.fr/jorf/id/JORFTEXT000042580485
2021-10-25,DECRET,Décret n°2021-1387 du 25 octobre 2021,art. 2,https://www.legifrance.gouv.fr/jorf/id/JORFTEXT000044250160
2021-12-15,DECRET,Décret n°2021-1673 du 15 décembre 2021,art. 3,https://www.legifrance.gouv.fr/jorf/id/JORFTEXT000044506439
2023-03-03,DECRET,Décret n°2023-150 du 3 mars 2023,art. 15,https://www.legifrance.gouv.fr/jorf/id/JORFTEXT000047259688
2013-12-27,DECRET,Décret n°2013-1310 du 27 décembre 2013,art. 18,https://www.legifrance.gouv.fr/jorf/id/JORFTEXT000028409789
2020-09-30,DECRET,Décret n°2020-1205 du 30 septembre 2020,art. 5,https://www.legifrance.gouv.fr/jorf/id/JORFTEXT000042383294
2020-11-27,DECRET,Décret n°2020-1467 du 27 novembre 2020,art. 1,https://www.legifrance.gouv.fr/jorf/id/JORFTEXT000042577082
2014-03-13,DECRET,Décret n°2014-336 du 13 mars 2014,art. 8,https://www.legifrance.gouv.fr/jorf/id/JORFTEXT000028724709
2020-12-17,DECRET,Décret n°2020-1617 du 17 décembre 2020,art. 2,https://www.legifrance.gouv.fr/jorf/id/JORFTEXT000042700494
2019-04-19,DECRET,Décret n°2019-344 du 19 avril 2019,art. 6,https://www.legifrance.gouv.fr/jorf/id/JORFTEXT000038396848
2022-04-22,DECRET,Décret n°2022-618 du 22 avril 2022,art. 13,https://www.legifrance.gouv.fr/jorf/id/JORFTEXT000045640421
2014-06-06,DECRET,Décret n°2014-604 du 6 juin 2014,art. 20,https://www.legifrance.gouv.fr/jorf/id/JORFTEXT000029054118
2017-12-29,DECRET,Décret n°2017-1896 du 29 décembre 2017,art. 2,https://www.legifrance.gouv.fr/jorf/id/JORFTEXT000036342687
2015-06-29,DECRET,DÉCRET n°2015-786 du 29 juin 2015,art. 3,https://www.legifrance.gouv.fr/jorf/id/JORFTEXT000030820460
2015-10-30,DECRET,DÉCRET n°2015-1387 du 30 octobre 2015,art. 3,https://www.legifrance.gouv.fr/jorf/id/JORFTEXT000031402219
2014-12-17,DECRET,DÉCRET n°2014-1529 du 17 décembre 2014,art. 4,https://www.legifrance.gouv.fr/jorf/id/JORFTEXT000029920646
2016-12-15,DECRET,Décret n°2016-1741 du 15 décembre 2016,art. 5,https://www.legifrance.gouv.fr/jorf/id/JORFTEXT000033623226
2013-08-28,DECRET,Décret n°2013-782 du 28 août 2013,art. 2,https://www.legifrance.gouv.fr/jorf/id/JORFTEXT000027905225
2020-06-30,DECRET,Décret n°2020-832 du 30 juin 2020,art. 1,https://www.legifrance.gouv.fr/jorf/id/JORFTEXT000042071384
2015-08-18,DECRET,DÉCRET n°2015-1007 du 18 août 2015,art. 3,https://www.legifrance.gouv.fr/jorf/id/JORFTEXT000031056857
2016-04-15,DECRET,Décret n°2016-474 du 15 avril 2016,art. 5 (V),https://www.legifrance.gouv.fr/jorf/id/JORFTEXT000032409120
2017-01-31,DECRET,Décret n°2017-119 du 31 janvier 2017,art. 3,https://www.legifrance.gouv.fr/jorf/id/JORFTEXT000033968070
2022-03-01,DECRET,Décret n°2022-304 du 1er mars 2022,art. 3,https://www.legifrance.gouv.fr/jorf/id/JORFTEXT000045288000
2016-06-20,DECRET,Décret n°2016-818 du 20 juin 2016,art. 1,https://www.legifrance.gouv.fr/jorf/id/JORFTEXT000032729699
2017-12-28,DECRET,Décret n°2017-1831 du 28 décembre 2017,art. 25,https://www.legifrance.gouv.fr/jorf/id/JORFTEXT000036337899
2016-06-27,DECRET,Décret n°2016-854 du 27 juin 2016,art. 3,https://www.legifrance.gouv.fr/jorf/id/JORFTEXT000032791264
2023-06-29,DECRET,Décret n°2023-530 du 29 juin 2023,art. 8,https://www.legifrance.gouv.fr/jorf/id/JORFTEXT000047752996
2016-11-14,DECRET,Décret n°2016-1527 du 14 novembre 2016,art. 63,https://www.legifrance.gouv.fr/jorf/id/JORFTEXT000033389750
2017-05-02,DECRET,Décret n°2017-718 du 2 mai 2017,art. 2,https://www.legifrance.gouv.fr/jorf/id/JORFTEXT000034567665
2020-06-15,DECRET,Décret n°2020-733 du 15 juin 2020,art. 9,https://www.legifrance.gouv.fr/jorf/id/JORFTEXT000041999622
2014-07-17,DECRET,DÉCRET n°2014-817 du 17 juillet 2014,art. 2,https://www.legifrance.gouv.fr/jorf/id/JORFTEXT000029263452
2019-12-31,DECRET,Décret n°2019-1600 du 31 décembre 2019,art. 7,https://www.legifrance.gouv.fr/jorf/id/JORFTEXT000039728443
2015-03-02,DECRET,DÉCRET n°2015-241 du 2 mars 2015,art. 2,https://www.legifrance.gouv.fr/jorf/id/JORFTEXT000030308730
2015-01-06,DECRET,DÉCRET n°2015-6 du 6 janvier 2015,art. 2,https://www.legifrance.gouv.fr/jorf/id/JORFTEXT000030063397
2017-05-10,DECRET,Décret n°2017-963 du 10 mai 2017,art. 7,https://www.legifrance.gouv.fr/jorf/id/JORFTEXT000034675732
2022-12-23,DECRET,Décret n°2022-1657 du 23 décembre 2022,art. 5,https://www.legifrance.gouv.fr/jorf/id/JORFTEXT000046807200
2016-07-29,DECRET,Décret n°2016-1042 du 29 juillet 2016,art. 1,https://www.legifrance.gouv.fr/jorf/id/JORFTEXT000032950661
2018-10-17,DECRET,Décret n°2018-896 du 17 octobre 2018,art. 1,https://www.legifrance.gouv.fr/jorf/id/JORFTEXT000037503700
2022-10-31,DECRET,Décret n°2022-1389 du 31 octobre 2022,art. 3,https://www.legifrance.gouv.fr/jorf/id/JORFTEXT000046510718
2021-01-29,DECRET,Décret n°2021-90 du 29 janvier 2021,art. 3,https://www.legifrance.gouv.fr/jorf/id/JORFTEXT000043080543
2021-04-15,DECRET,Décret n°2021-458 du 15 avril 2021,art. 23,https://www.legifrance.gouv.fr/jorf/id/JORFTEXT000043386532
2018-10-27,DECRET,Décret n°2018-924 du 27 octobre 2018,art. 3,https://www.legifrance.gouv.fr/jorf/id/JORFTEXT000037534429
2018-10-27,DECRET,Décret n°2018-925 du 27 octobre 2018,art. 3,https://www.legifrance.gouv.fr/jorf/id/JORFTEXT000037534452
2022-11-28,DECRET,Décret n°2022-1494 du 28 novembre 2022,art. 1,https://www.legifrance.gouv.fr/jorf/id/JORFTEXT000046664053
2021-04-15,DECRET,Décret n°2021-457 du 15 avril 2021,art. 24,https://www.legifrance.gouv.fr/jorf/id/JORFTEXT000043386481
2016-07-26,DECRET,Décret n°2016-1020 du 26 juillet 2016,art. 2,https://www.legifrance.gouv.fr/jorf/id/JORFTEXT000032938278
2019-07-24,DECRET,Décret n°2019-772 du 24 juillet 2019,art. 7,https://www.legifrance.gouv.fr/jorf/id/JORFTEXT000038812273
2018-06-30,DECRET,Décret n°2018-564 du 30 juin 2018,art. 1,https://www.legifrance.gouv.fr/jorf/id/JORFTEXT000037132486
2019-06-28,DECRET,Décret n°2019-685 du 28 juin 2019,art. 6,https://www.legifrance.gouv.fr/jorf/id/JORFTEXT000038705073
2022-12-01,DECRET,Décret n°2022-1509 du 1er décembre 2022,art. 3,https://www.legifrance.gouv.fr/jorf/id/JORFTEXT000046677461
2018-12-28,DECRET,Décret n°2018-1337 du 28 décembre 2018,art. 3,https://www.legifrance.gouv.fr/jorf/id/JORFTEXT000037884031
2019-03-19,DECRET,Décret n°2019-205 du 19 mars 2019,art. 2,https://www.legifrance.gouv.fr/jorf/id/JORFTEXT000038250223
2022-12-23,DECRET,Décret n°2022-1656 du 23 décembre 2022,art. 2,https://www.legifrance.gouv.fr/jorf/id/JORFTEXT000046807166
2021-10-12,DECRET,Décret n°2021-1326 du 12 octobre 2021,art. 1,https://www.legifrance.gouv.fr/jorf/id/JORFTEXT000044201959
2021-10-26,DECRET,Décret n°2021-1392 du 26 octobre 2021,art. 48,https://www.legifrance.gouv.fr/jorf/id/JORFTEXT000044255425
2022-06-16,DECRET,Décret n°2022-896 du 16 juin 2022,art. 10,https://www.legifrance.gouv.fr/jorf/id/JORFTEXT000045924679
2018-08-29,DECRET,Décret n°2018-765 du 29 août 2018,art. 4,https://www.legifrance.gouv.fr/jorf/id/JORFTEXT000037352197
2023-02-24,DECRET,Décret n°2023-137 du 24 février 2023,art. 1,https://www.legifrance.gouv.fr/jorf/id/JORFTEXT000047233815
2021-05-03,DECRET,Décret n°2021-547 du 3 mai 2021,art. 3,https://www.legifrance.gouv.fr/jorf/id/JORFTEXT000043475451
2015-12-01,DECRET,DÉCRET n°2015-1569 du 1er décembre 2015,art. 1,https://www.legifrance.gouv.fr/jorf/id/JORFTEXT000031556911
2017-05-10,DECRET,Décret n°2017-955 du 10 mai 2017,art. 18,https://www.legifrance.gouv.fr/jorf/id/JORFTEXT000034675287
2022-12-26,DECRET,Décret n°2022-1666 du 26 décembre 2022,art. 6,https://www.legifrance.gouv.fr/jorf/id/JORFTEXT000046820460
2022-03-25,DECRET,Décret n°2022-429 du 25 mars 2022,art. 5,https://www.legifrance.gouv.fr/jorf/id/JORFTEXT000045412175
2013-12-23,DECRET,Décret n°2013-1231 du 23 décembre 2013,art. 9,https://www.legifrance.gouv.fr/jorf/id/JORFTEXT000028396084
2014-10-14,DECRET,DÉCRET n°2014-1176 du 14 octobre 2014,art. 5,https://www.legifrance.gouv.fr/jorf/id/JORFTEXT000029583203
2018-03-30,DECRET,Décret n°2018-235 du 30 mars 2018,art. 11,https://www.legifrance.gouv.fr/jorf/id/JORFTEXT000036757895
2009-07-28,DECRET,Décret n°2009-920 du 28 juillet 2009,art. 10,https://www.legifrance.gouv.fr/jorf/id/JORFTEXT000020910600
2022-04-26,DECRET,Décret n°2022-671 du 26 avril 2022,art. 7,https://www.legifrance.gouv.fr/jorf/id/JORFTEXT000045667554
2016-07-26,DECRET,Décret n°2016-1021 du 26 juillet 2016,art. 5,https://www.legifrance.gouv.fr/jorf/id/JORFTEXT000032938300
2010-05-28,DECRET,Décret n°2010-571 du 28 mai 2010,art. 6,https://www.legifrance.gouv.fr/jorf/id/JORFTEXT000022276402
2021-10-14,DECRET,Décret n°2021-1335 du 14 octobre 2021,art. 17,https://www.legifrance.gouv.fr/jorf/id/JORFTEXT000044205809
2023-08-04,DECRET,Décret n°2023-720 du 4 août 2023,art. 30,https://www.legifrance.gouv.fr/jorf/id/JORFTEXT000047936139
2015-07-31,DECRET,DÉCRET n°2015-963 du ,art. 9,https://www.legifrance.gouv.fr/jorf/id/JORFTEXT000030967183
2023-08-08,DECRET,Décret n°2023-733 du 8 août 2023,art. 7,https://www.legifrance.gouv.fr/jorf/id/JORFTEXT000047948610
2017-05-05,DECRET,Décret n°2017-787 du 5 mai 2017,art. 5,https://www.legifrance.gouv.fr/jorf/id/JORFTEXT000034601439
2021-08-06,DECRET,Décret n°2021-1053 du 6 août 2021,art. 1,https://www.legifrance.gouv.fr/jorf/id/JORFTEXT000043914855
2011-10-17,DECRET,Décret n°2011-1316 du 17 octobre 2011,art. 6,https://www.legifrance.gouv.fr/jorf/id/JORFTEXT000024682944
2012-09-04,DECRET,Décret n°2012-1023 du 4 septembre 2012,art. 4,https://www.legifrance.gouv.fr/jorf/id/JORFTEXT000026348423
2018-06-15,DECRET,Décret n°2018-492 du 15 juin 2018,art. 3,https://www.legifrance.gouv.fr/jorf/id/JORFTEXT000037076831
2023-06-03,DECRET,Décret n°2023-435 du 3 juin 2023,art. 12,https://www.legifrance.gouv.fr/jorf/id/JORFTEXT000047625502
2011-05-31,DECRET,Décret n°2011-620 du 31 mai 2011,art. 5,https://www.legifrance.gouv.fr/jorf/id/JORFTEXT000024110091
2013-02-18,DECRET,Décret n°2013-145 du 18 février 2013,art. 1,https://www.legifrance.gouv.fr/jorf/id/JORFTEXT000027088299
2017-05-06,DECRET,Décret n°2017-852 du 6 mai 2017,art. 165,https://www.legifrance.gouv.fr/jorf/id/JORFTEXT000034631495
2019-08-27,DECRET,Décret n°2019-892 du 27 août 2019,art. 1,https://www.legifrance.gouv.fr/jorf/id/JORFTEXT000038969152
2023-02-16,DECRET,Décret n°2023-106 du 16 février 2023,art. 1,https://www.legifrance.gouv.fr/jorf/id/JORFTEXT000047190894
